dataset_id,data_dir,kerchunk_file,variable,kerchunk_exists,status,skip_reason,error,netcdf_file_count,nfiles_bin,bin_selected_rank,file,size_gb_physical,open_kerchunk,open_netcdf,load_kerchunk,load_netcdf,temporal_build_kerchunk,temporal_build_netcdf,temporal_compute_kerchunk,temporal_compute_netcdf,temporal_graph_tasks_kerchunk,temporal_graph_tasks_netcdf,spatial_build_kerchunk,spatial_build_netcdf,spatial_compute_kerchunk,spatial_compute_netcdf,open_ratio,load_ratio,temporal_compute_ratio,spatial_compute_ratio
CMIP6.CMIP.EC-Earth-Consortium.EC-Earth3-Veg.historical.r4i1p1f1.day.tas.gr.v20190728,/global/cfs/projectdirs/m4931/gsharing/css03_data/CMIP6/CMIP/EC-Earth-Consortium/EC-Earth3-Veg/historical/r4i1p1f1/day/tas/gr/v20190728,/global/cfs/projectdirs/m4931/sasha-tmp/kerchunk/tas/historical/day/CMIP6.CMIP.EC-Earth-Consortium.EC-Earth3-Veg.historical.r4i1p1f1.day.tas.gr.v20190728.kerchunk.json,tas,True,ok,,,25,25-49,1,/global/cfs/projectdirs/m4931/sasha-tmp/kerchunk/tas/historical/day/CMIP6.CMIP.EC-Earth-Consortium.EC-Earth3-Veg.historical.r4i1p1f1.day.tas.gr.v20190728.kerchunk.json,3.3064814545214176,0.7517587319016457,10.26444460824132,2.7701888256706297,1.1895136905368418,0.1297961298841983,0.2680418014060706,3.616712712682784,1.6758834517095238,,,0.2796234474517405,0.235661800019443,4.419485944090411,1.4047306815627962,0.0732391045588632,2.328841481782703,2.158093218829431,3.146144668224679
CMIP6.CMIP.MPI-M.MPI-ESM1-2-HR.historical.r1i1p1f1.Amon.tas.gn.v20190710,/global/cfs/projectdirs/m4931/gsharing/css03_data/CMIP6/CMIP/MPI-M/MPI-ESM1-2-HR/historical/r1i1p1f1/Amon/tas/gn/v20190710,/global/cfs/projectdirs/m4931/sasha-tmp/kerchunk/tas/historical/mon/CMIP6.CMIP.MPI-M.MPI-ESM1-2-HR.historical.r1i1p1f1.Amon.tas.gn.v20190710.kerchunk.json,tas,True,ok,,,33,25-49,2,/global/cfs/projectdirs/m4931/sasha-tmp/kerchunk/tas/historical/mon/CMIP6.CMIP.MPI-M.MPI-ESM1-2-HR.historical.r1i1p1f1.Amon.tas.gn.v20190710.kerchunk.json,0.2182935802266001,0.6986022097989917,4.746807818533853,1.6837208378128707,0.4814179281238466,0.5279787720646709,0.5529322014190257,2.704583456041292,1.1347262770868838,,,0.6468179693911225,0.2602244955487549,2.9793135807849467,0.7689760329667479,0.1471730553470709,3.4974203066648712,2.3834677231451886,3.874390687172143
CMIP6.CMIP.EC-Earth-Consortium.EC-Earth3.historical.r130i1p1f1.Amon.tas.gr.v20200412,/global/cfs/projectdirs/m4931/gsharing/css03_data/CMIP6/CMIP/EC-Earth-Consortium/EC-Earth3/historical/r130i1p1f1/Amon/tas/gr/v20200412,/global/cfs/projectdirs/m4931/sasha-tmp/kerchunk/tas/historical/mon/CMIP6.CMIP.EC-Earth-Consortium.EC-Earth3.historical.r130i1p1f1.Amon.tas.gr.v20200412.kerchunk.json,tas,True,ok,,,45,25-49,3,/global/cfs/projectdirs/m4931/sasha-tmp/kerchunk/tas/historical/mon/CMIP6.CMIP.EC-Earth-Consortium.EC-Earth3.historical.r130i1p1f1.Amon.tas.gr.v20200412.kerchunk.json,0.1983251189813017,0.6967285603750497,12.108631005510688,1.4551474680192769,1.2230186613742262,0.5621166150085628,0.995397893479094,2.5933325230143964,1.1162752024829388,,,1.3766980725340543,0.2642319640144706,2.758418397977948,0.7791008411440998,0.057539829238992,1.189799889385353,2.32320176713236,3.5405152353926934
CMIP6.CMIP.AS-RCEC.TaiESM1.piControl.r1i1p1f1.day.tas.gn.v20200309,/global/cfs/projectdirs/m4931/gsharing/css03_data/CMIP6/CMIP/AS-RCEC/TaiESM1/piControl/r1i1p1f1/day/tas/gn/v20200309,/global/cfs/projectdirs/m4931/sasha-tmp/kerchunk/tas/piControl/day/CMIP6.CMIP.AS-RCEC.TaiESM1.piControl.r1i1p1f1.day.tas.gn.v20200309.kerchunk.json,tas,True,ok,,,50,50-99,1,/global/cfs/projectdirs/m4931/sasha-tmp/kerchunk/tas/piControl/day/CMIP6.CMIP.AS-RCEC.TaiESM1.piControl.r1i1p1f1.day.tas.gn.v20200309.kerchunk.json,21.288824113085862,2.7935192787554115,43.17592917662114,31.929345180513337,6.180700598983094,0.1079750428907573,0.2706811805255711,35.869089018320665,1.3091300043743104,,,0.9185137141030282,0.2736695420462638,49.40302866208367,3.862281272886321,0.0647008491080266,5.16597506531325,27.399180294140496,12.791152474807795
CMIP6.CMIP.MPI-M.MPI-ESM1-2-LR.piControl.r1i1p1f1.Amon.tas.gn.v20190710,/global/cfs/projectdirs/m4931/gsharing/css03_data/CMIP6/CMIP/MPI-M/MPI-ESM1-2-LR/piControl/r1i1p1f1/Amon/tas/gn/v20190710,/global/cfs/projectdirs/m4931/sasha-tmp/kerchunk/tas/piControl/mon/CMIP6.CMIP.MPI-M.MPI-ESM1-2-LR.piControl.r1i1p1f1.Amon.tas.gn.v20190710.kerchunk.json,tas,True,ok,,,50,50-99,2,/global/cfs/projectdirs/m4931/sasha-tmp/kerchunk/tas/piControl/mon/CMIP6.CMIP.MPI-M.MPI-ESM1-2-LR.piControl.r1i1p1f1.Amon.tas.gn.v20190710.kerchunk.json,0.3744578873738646,0.3828166387975216,5.337872726842761,2.9428957530763,0.3053045775741339,0.3877111105248332,0.5722792784217745,3.849708252120763,1.052023918600753,,,0.2461495341267436,0.2797175394371152,4.912422463996336,0.8492189648095518,0.0717170787666849,9.639212672340976,3.659335290818366,5.784635844888379
CMIP6.ScenarioMIP.EC-Earth-Consortium.EC-Earth3.ssp245.r124i1p1f1.Amon.tas.gr.v20210401,/global/cfs/projectdirs/m4931/gsharing/css03_data/CMIP6/ScenarioMIP/EC-Earth-Consortium/EC-Earth3/ssp245/r124i1p1f1/Amon/tas/gr/v20210401,/global/cfs/projectdirs/m4931/sasha-tmp/kerchunk/tas/ssp245/mon/CMIP6.ScenarioMIP.EC-Earth-Consortium.EC-Earth3.ssp245.r124i1p1f1.Amon.tas.gr.v20210401.kerchunk.json,tas,True,ok,,,86,50-99,3,/global/cfs/projectdirs/m4931/sasha-tmp/kerchunk/tas/ssp245/mon/CMIP6.ScenarioMIP.EC-Earth-Consortium.EC-Earth3.ssp245.r124i1p1f1.Amon.tas.gr.v20210401.kerchunk.json,0.3781270496547222,0.2399606357794255,8.785595803987235,1.4366644935216757,1.196639319183305,0.4046270991675555,0.6154140965081751,2.399084592005238,1.8848192493896927,,,0.2176909258123487,0.3450979948975146,2.6861153966747224,0.9157588963862509,0.0273129610254232,1.2005827240426843,1.2728459733112685,2.9332124506511663
CMIP6.CMIP.AWI.AWI-ESM-1-1-LR.piControl.r1i1p1f1.Amon.tas.gn.v20200212,/global/cfs/projectdirs/m4931/gsharing/css03_data/CMIP6/CMIP/AWI/AWI-ESM-1-1-LR/piControl/r1i1p1f1/Amon/tas/gn/v20200212,/global/cfs/projectdirs/m4931/sasha-tmp/kerchunk/tas/piControl/mon/CMIP6.CMIP.AWI.AWI-ESM-1-1-LR.piControl.r1i1p1f1.Amon.tas.gn.v20200212.kerchunk.json,tas,True,ok,,,100,100-149,1,/global/cfs/projectdirs/m4931/sasha-tmp/kerchunk/tas/piControl/mon/CMIP6.CMIP.AWI.AWI-ESM-1-1-LR.piControl.r1i1p1f1.Amon.tas.gn.v20200212.kerchunk.json,0.0529939327389001,0.2438614445272833,9.67686266847886,1.4018634476233274,0.3804004495032131,0.3803916138131171,0.5599497307557613,2.30026215990074,1.247585348552093,,,0.2063148524612188,0.3471660488285124,2.6913793510757387,0.8885590694844723,0.0252004655725487,3.685230786278254,1.843771380106659,3.028925643218333
CMIP6.CMIP.AWI.AWI-ESM-1-1-LR.piControl.r1i1p1f1.day.tas.gn.v20200212,/global/cfs/projectdirs/m4931/gsharing/css03_data/CMIP6/CMIP/AWI/AWI-ESM-1-1-LR/piControl/r1i1p1f1/day/tas/gn/v20200212,/global/cfs/projectdirs/m4931/sasha-tmp/kerchunk/tas/piControl/day/CMIP6.CMIP.AWI.AWI-ESM-1-1-LR.piControl.r1i1p1f1.day.tas.gn.v20200212.kerchunk.json,tas,True,ok,,,100,100-149,2,/global/cfs/projectdirs/m4931/sasha-tmp/kerchunk/tas/piControl/day/CMIP6.CMIP.AWI.AWI-ESM-1-1-LR.piControl.r1i1p1f1.day.tas.gn.v20200212.kerchunk.json,1.4864305034279823,0.6714747988153249,16.498574449913576,5.857023758580908,1.3735198385547849,0.1114020769018679,0.4016385925933718,6.93339751358144,1.6536225869785994,,,0.2804581569507718,0.3494856213219464,9.204661450814456,1.301569327013567,0.0406989586193516,4.264244020489474,4.192853658493943,7.071971703523795
CMIP6.CMIP.MPI-M.MPI-ESM1-2-HR.piControl.r1i1p1f1.Amon.tas.gn.v20190710,/global/cfs/projectdirs/m4931/gsharing/css03_data/CMIP6/CMIP/MPI-M/MPI-ESM1-2-HR/piControl/r1i1p1f1/Amon/tas/gn/v20190710,/global/cfs/projectdirs/m4931/sasha-tmp/kerchunk/tas/piControl/mon/CMIP6.CMIP.MPI-M.MPI-ESM1-2-HR.piControl.r1i1p1f1.Amon.tas.gn.v20190710.kerchunk.json,tas,True,ok,,,100,100-149,3,/global/cfs/projectdirs/m4931/sasha-tmp/kerchunk/tas/piControl/mon/CMIP6.CMIP.MPI-M.MPI-ESM1-2-HR.piControl.r1i1p1f1.Amon.tas.gn.v20190710.kerchunk.json,0.6616686591878533,0.3542525565717369,10.45635922253132,2.237981758080423,0.4829319997224957,0.3576782445888966,0.5786052700132132,3.197994187474251,1.161597819533199,,,0.2676524093840271,0.3340191461611539,3.5955682864878327,0.9462126176804304,0.0338791494278806,4.63415503500787,2.753099337565389,3.799958084792929
CMIP6.CMIP.EC-Earth-Consortium.EC-Earth3-AerChem.1pctCO2.r1i1p1f1.Amon.tas.gr.v20200729,/global/cfs/projectdirs/m4931/gsharing/css03_data/CMIP6/CMIP/EC-Earth-Consortium/EC-Earth3-AerChem/1pctCO2/r1i1p1f1/Amon/tas/gr/v20200729,/global/cfs/projectdirs/m4931/sasha-tmp/kerchunk/tas/1pctCO2/mon/CMIP6.CMIP.EC-Earth-Consortium.EC-Earth3-AerChem.1pctCO2.r1i1p1f1.Amon.tas.gr.v20200729.kerchunk.json,tas,True,ok,,,150,150-199,1,/global/cfs/projectdirs/m4931/sasha-tmp/kerchunk/tas/1pctCO2/mon/CMIP6.CMIP.EC-Earth-Consortium.EC-Earth3-AerChem.1pctCO2.r1i1p1f1.Amon.tas.gr.v20200729.kerchunk.json,0.6591137992218137,0.2302736076526343,30.849832818610597,1.5441873397212476,1.659458381589502,0.3303099221084267,0.6511814137920737,2.4541531899012625,5.681542368605733,,,0.2434163803700357,7.24850912601687,2.771004152484238,5.57125038607046,0.0074643389157596,0.9305369491955304,0.4319519297193094,0.4973756267376623
CMIP6.CMIP.EC-Earth-Consortium.EC-Earth3-AerChem.abrupt-4xCO2.r1i1p1f1.Amon.tas.gr.v20200622,/global/cfs/projectdirs/m4931/gsharing/css03_data/CMIP6/CMIP/EC-Earth-Consortium/EC-Earth3-AerChem/abrupt-4xCO2/r1i1p1f1/Amon/tas/gr/v20200622,/global/cfs/projectdirs/m4931/sasha-tmp/kerchunk/tas/abrupt-4xCO2/mon/CMIP6.CMIP.EC-Earth-Consortium.EC-Earth3-AerChem.abrupt-4xCO2.r1i1p1f1.Amon.tas.gr.v20200622.kerchunk.json,tas,True,ok,,,150,150-199,2,/global/cfs/projectdirs/m4931/sasha-tmp/kerchunk/tas/abrupt-4xCO2/mon/CMIP6.CMIP.EC-Earth-Consortium.EC-Earth3-AerChem.abrupt-4xCO2.r1i1p1f1.Amon.tas.gr.v20200622.kerchunk.json,0.6558487275615335,0.2486259960569441,28.89750735950656,1.5993473276030272,1.7037288607098162,0.3428461784496903,0.6380799075122923,2.4770998768508434,5.387992418603972,,,0.2879029468167573,7.064525191904977,2.7725015939213336,5.505935452878475,0.0086037177173744,0.9387334830594458,0.4597444993236757,0.5035477835963158
CMIP6.CMIP.AWI.AWI-CM-1-1-MR.historical.r1i1p1f1.Amon.tas.gn.v20200720,/global/cfs/projectdirs/m4931/gsharing/css03_data/CMIP6/CMIP/AWI/AWI-CM-1-1-MR/historical/r1i1p1f1/Amon/tas/gn/v20200720,/global/cfs/projectdirs/m4931/sasha-tmp/kerchunk/tas/historical/mon/CMIP6.CMIP.AWI.AWI-CM-1-1-MR.historical.r1i1p1f1.Amon.tas.gn.v20200720.kerchunk.json,tas,True,ok,,,165,150-199,3,/global/cfs/projectdirs/m4931/sasha-tmp/kerchunk/tas/historical/mon/CMIP6.CMIP.AWI.AWI-CM-1-1-MR.historical.r1i1p1f1.Amon.tas.gn.v20200720.kerchunk.json,0.4209295688197016,0.2743946011178195,29.22197377961129,1.5525405262596903,1.2012013469357044,0.3348297898191958,0.6603286946192384,2.4402021816931665,4.90592428157106,,,0.2372397340368479,7.118511044885963,2.8526907626073807,5.058782153297216,0.0093900091481592,1.29248983130119,0.4973990713349784,0.5639086001653684
CMIP6.CMIP.EC-Earth-Consortium.EC-Earth3-LR.piControl.r1i1p1f1.Amon.tas.gr.v20200409,/global/cfs/projectdirs/m4931/gsharing/css03_data/CMIP6/CMIP/EC-Earth-Consortium/EC-Earth3-LR/piControl/r1i1p1f1/Amon/tas/gr/v20200409,/global/cfs/projectdirs/m4931/sasha-tmp/kerchunk/tas/piControl/mon/CMIP6.CMIP.EC-Earth-Consortium.EC-Earth3-LR.piControl.r1i1p1f1.Amon.tas.gr.v20200409.kerchunk.json,tas,True,ok,,,201,200-299,1,/global/cfs/projectdirs/m4931/sasha-tmp/kerchunk/tas/piControl/mon/CMIP6.CMIP.EC-Earth-Consortium.EC-Earth3-LR.piControl.r1i1p1f1.Amon.tas.gr.v20200409.kerchunk.json,0.3596247276291251,0.261761557077989,36.60742859868333,1.5835587575566024,1.1748178824782372,0.3435430903919041,0.5831956034526229,2.568278779275716,5.581387471174821,,,0.201299860375002,8.461401319829747,3.03286256454885,5.863119753543288,0.0071505037938502,1.347918499687918,0.4601505974167962,0.5172779496301411
CMIP6.CMIP.EC-Earth-Consortium.EC-Earth3.piControl.r1i1p1f1.day.tas.gr.v20190712,/global/cfs/projectdirs/m4931/gsharing/css03_data/CMIP6/CMIP/EC-Earth-Consortium/EC-Earth3/piControl/r1i1p1f1/day/tas/gr/v20190712,/global/cfs/projectdirs/m4931/sasha-tmp/kerchunk/tas/piControl/day/CMIP6.CMIP.EC-Earth-Consortium.EC-Earth3.piControl.r1i1p1f1.day.tas.gr.v20190712.kerchunk.json,tas,True,ok,,,223,200-299,2,/global/cfs/projectdirs/m4931/sasha-tmp/kerchunk/tas/piControl/day/CMIP6.CMIP.EC-Earth-Consortium.EC-Earth3.piControl.r1i1p1f1.day.tas.gr.v20190712.kerchunk.json,29.509925234131515,1.1183986214455215,57.9772117305547,13.158579400740564,2.6825334967579693,0.2447168095968663,0.2699457376729697,15.486075178254396,7.288179544499144,,,0.2516157885547727,10.323091703467073,21.480025491444398,10.02756509766914,0.0192903140399922,4.9052805553569545,2.1248207571865776,2.1420978355390905
CMIP6.ScenarioMIP.EC-Earth-Consortium.EC-Earth3-Veg.ssp585.r13i1p1f1.Amon.tas.gr.v20201020,/global/cfs/projectdirs/m4931/gsharing/css03_data/CMIP6/ScenarioMIP/EC-Earth-Consortium/EC-Earth3-Veg/ssp585/r13i1p1f1/Amon/tas/gr/v20201020,/global/cfs/projectdirs/m4931/sasha-tmp/kerchunk/tas/ssp585/mon/CMIP6.ScenarioMIP.EC-Earth-Consortium.EC-Earth3-Veg.ssp585.r13i1p1f1.Amon.tas.gr.v20201020.kerchunk.json,tas,True,ok,,,286,200-299,3,/global/cfs/projectdirs/m4931/sasha-tmp/kerchunk/tas/ssp585/mon/CMIP6.ScenarioMIP.EC-Earth-Consortium.EC-Earth3-Veg.ssp585.r13i1p1f1.Amon.tas.gr.v20201020.kerchunk.json,1.247496796771884,0.2652435530908406,54.61793486285024,1.8009617521893233,1.5474808684084564,0.3355424799956381,0.7191828035283834,2.676373635651544,8.60683898255229,,,0.2268846237566322,13.276074997149408,3.220284691778943,8.827488739509135,0.0048563453333943,1.1638022730720834,0.3109589526511493,0.3648019031013809
CMIP6.HighResMIP.CMCC.CMCC-CM2-HR4.highres-future.r1i1p1f1.Amon.pr.gn.v20190509,/global/cfs/projectdirs/m4931/gsharing/css03_data/CMIP6/HighResMIP/CMCC/CMCC-CM2-HR4/highres-future/r1i1p1f1/Amon/pr/gn/v20190509,/global/cfs/projectdirs/m4931/sasha-tmp/kerchunk/pr/highres-future/mon/CMIP6.HighResMIP.CMCC.CMCC-CM2-HR4.highres-future.r1i1p1f1.Amon.pr.gn.v20190509.kerchunk.json,pr,True,ok,,,432,300-499,1,/global/cfs/projectdirs/m4931/sasha-tmp/kerchunk/pr/highres-future/mon/CMIP6.HighResMIP.CMCC.CMCC-CM2-HR4.highres-future.r1i1p1f1.Amon.pr.gn.v20190509.kerchunk.json,0.0930071575567126,0.652753317495808,68.16283617352019,0.8866378689999692,6.095260510512162,0.3970531590166501,0.5209125845285598,2.6208146144927014,15.708187734999228,,,0.5714271529868711,17.860173973516794,2.2815056969993748,26.035466969478875,0.0095763814145601,0.1454634904399629,0.1668438561281831,0.0876306808583061
CMIP6.HighResMIP.CMCC.CMCC-CM2-VHR4.highres-future.r1i1p1f1.Amon.pr.gn.v20190509,/global/cfs/projectdirs/m4931/gsharing/css03_data/CMIP6/HighResMIP/CMCC/CMCC-CM2-VHR4/highres-future/r1i1p1f1/Amon/pr/gn/v20190509,/global/cfs/projectdirs/m4931/sasha-tmp/kerchunk/pr/highres-future/mon/CMIP6.HighResMIP.CMCC.CMCC-CM2-VHR4.highres-future.r1i1p1f1.Amon.pr.gn.v20190509.kerchunk.json,pr,True,ok,,,432,300-499,2,/global/cfs/projectdirs/m4931/sasha-tmp/kerchunk/pr/highres-future/mon/CMIP6.HighResMIP.CMCC.CMCC-CM2-VHR4.highres-future.r1i1p1f1.Amon.pr.gn.v20190509.kerchunk.json,1.1089272135868669,0.2364319684857037,60.79890294201323,1.8269046645145863,8.708976468478795,0.3333038230193779,0.5174395500216633,3.808513201511232,18.45563187802327,,,0.2237909335235599,18.874346631986555,3.2279065235052258,30.80106567050097,0.0038887538597727,0.2097726031442238,0.2063604880441054,0.1047985338571152
CMIP6.HighResMIP.CMCC.CMCC-CM2-VHR4.highresSST-future.r1i1p1f1.Amon.pr.gn.v20190725,/global/cfs/projectdirs/m4931/gsharing/css03_data/CMIP6/HighResMIP/CMCC/CMCC-CM2-VHR4/highresSST-future/r1i1p1f1/Amon/pr/gn/v20190725,/global/cfs/projectdirs/m4931/sasha-tmp/kerchunk/pr/highresSST-future/mon/CMIP6.HighResMIP.CMCC.CMCC-CM2-VHR4.highresSST-future.r1i1p1f1.Amon.pr.gn.v20190725.kerchunk.json,pr,True,ok,,,432,300-499,3,/global/cfs/projectdirs/m4931/sasha-tmp/kerchunk/pr/highresSST-future/mon/CMIP6.HighResMIP.CMCC.CMCC-CM2-VHR4.highresSST-future.r1i1p1f1.Amon.pr.gn.v20190725.kerchunk.json,1.1077750399708748,0.2637485329760238,60.69719299700228,1.788968326029135,8.395649235491874,0.3287815135263372,0.50742832000833,3.793178809515666,17.83461877249647,,,0.2137793750152923,18.60478848349885,3.1227531080076005,29.373173454514472,0.0043453168087863,0.213082785601193,0.2126862849104064,0.1063130993606567
CMIP6.CMIP.EC-Earth-Consortium.EC-Earth3-CC.piControl.r1i1p1f1.Amon.tas.gr.v20210330,/global/cfs/projectdirs/m4931/gsharing/css03_data/CMIP6/CMIP/EC-Earth-Consortium/EC-Earth3-CC/piControl/r1i1p1f1/Amon/tas/gr/v20210330,/global/cfs/projectdirs/m4931/sasha-tmp/kerchunk/tas/piControl/mon/CMIP6.CMIP.EC-Earth-Consortium.EC-Earth3-CC.piControl.r1i1p1f1.Amon.tas.gr.v20210330.kerchunk.json,tas,True,ok,,,505,500+,1,/global/cfs/projectdirs/m4931/sasha-tmp/kerchunk/tas/piControl/mon/CMIP6.CMIP.EC-Earth-Consortium.EC-Earth3-CC.piControl.r1i1p1f1.Amon.tas.gr.v20210330.kerchunk.json,2.22530088480562,0.3153440015157684,101.1695888150134,2.2909301394829527,1.7866688194917515,0.3637741564889438,0.7885189144872129,3.3087880709790625,15.208793265512211,,,0.2268251634959597,26.24443113501184,3.890536001505098,15.360475850000512,0.003116984117553,1.2822354733512655,0.2175575677316978,0.2532822576264763
CMIP6.CMIP.EC-Earth-Consortium.EC-Earth3.piControl.r2i1p1f1.Amon.tas.gr.v20210601,/global/cfs/projectdirs/m4931/gsharing/css03_data/CMIP6/CMIP/EC-Earth-Consortium/EC-Earth3/piControl/r2i1p1f1/Amon/tas/gr/v20210601,/global/cfs/projectdirs/m4931/sasha-tmp/kerchunk/tas/piControl/mon/CMIP6.CMIP.EC-Earth-Consortium.EC-Earth3.piControl.r2i1p1f1.Amon.tas.gr.v20210601.kerchunk.json,tas,True,failed,,"TypeError: Cannot combine along dimension 'time' with mixed types. Found: DatetimeProlepticGregorian, DatetimeGregorian. If importing data directly from a file then setting `use_cftime=True` may fix this issue.",604,500+,2,,,,,,,,,,,,,,,,,,,,
CMIP6.HighResMIP.EC-Earth-Consortium.EC-Earth3P.hist-1950.r3i1p2f1.Amon.pr.gr.v20190215,/global/cfs/projectdirs/m4931/gsharing/css03_data/CMIP6/HighResMIP/EC-Earth-Consortium/EC-Earth3P/hist-1950/r3i1p2f1/Amon/pr/gr/v20190215,/global/cfs/projectdirs/m4931/sasha-tmp/kerchunk/pr/hist-1950/mon/CMIP6.HighResMIP.EC-Earth-Consortium.EC-Earth3P.hist-1950.r3i1p2f1.Amon.pr.gr.v20190215.kerchunk.json,pr,True,ok,,,780,500+,3,/global/cfs/projectdirs/m4931/sasha-tmp/kerchunk/pr/hist-1950/mon/CMIP6.HighResMIP.EC-Earth-Consortium.EC-Earth3P.hist-1950.r3i1p2f1.Amon.pr.gr.v20190215.kerchunk.json,0.3240789845585823,0.2828282065165695,95.32815934799146,12.730793146503856,7.071914233034477,0.3679854435031302,0.7120997934835032,16.51082578950445,23.130437429528683,,,0.2490959500137251,25.24151596048614,14.657726624020142,34.378724604990566,0.0029668904597655,1.8001905462930397,0.7138138152297314,0.4263603956352809
