,kfile,freq,variable,ntimesteps,size_gb,open_kerchunk,open_xcdat,load_kerchunk,load_xcdat,chunk_kerchunk,chunk_xcdat,temporal_kerchunk,temporal_xcdat,spatial_kerchunk,spatial_xcdat,total_kerchunk,total_xcdat
0,/global/cfs/projectdirs/m4931/sasha-tmp/kerchunk/ta/historical/mon/CMIP6.CMIP.MPI-M.MPI-ESM1-2-LR.historical.r24i1p1f1.Amon.ta.gn.v20210901.kerchunk.json,mon,ta,1980,2.77364736,1.6536908149719238,6.487390756607056,0.2914445400238037,3.506859064102173,2.685269832611084,0.45760059356689453,3.411134719848633,2.3414885997772217,3.7187564373016357,1.5942580699920654,11.76029634475708,14.38759708404541
1,/global/cfs/projectdirs/m4931/sasha-tmp/kerchunk/tas/historical/mon/CMIP6.CMIP.EC-Earth-Consortium.EC-Earth3.historical.r113i1p1f1.Amon.tas.gr.v20200412.kerchunk.json,mon,tas,540,0.28311552,0.3511829376220703,20.11182403564453,0.28598618507385254,4.282770156860352,1.366204023361206,0.2619447708129883,1.4477334022521973,1.2296967506408691,2.9025731086730957,1.4529869556427002,6.353679656982422,27.33922266960144
2,/global/cfs/projectdirs/m4931/sasha-tmp/kerchunk/tas/historical/day/CMIP6.CMIP.NCAR.CESM2-WACCM.historical.r2i1p1f1.day.tas.gn.v20190227.kerchunk.json,day,tas,60226,13.321027584,1.0694010257720947,3.0297112464904785,2.5067267417907715,10.798280239105225,22.564210891723633,0.47892022132873535,2.0803401470184326,2.2380800247192383,1.5714216232299805,1.183706521987915,29.792100429534912,17.728698253631592
3,/global/cfs/projectdirs/m4931/sasha-tmp/kerchunk/ta/historical/mon/CMIP6.CMIP.EC-Earth-Consortium.EC-Earth3.historical.r5i1p1f1.Amon.ta.gr.v20201001.kerchunk.json,mon,ta,1980,19.72371456,1.7390973567962646,48.05470609664917,0.056049346923828125,18.96281409263611,2.3151121139526367,0.47564244270324707,3.6180741786956787,2.208596706390381,4.094834089279175,1.953993797302246,11.823167085647583,71.65575313568115
4,/global/cfs/projectdirs/m4931/sasha-tmp/kerchunk/tas/historical/mon/CMIP6.CMIP.MIROC.MIROC6.historical.r11i1p1f1.Amon.tas.gn.v20200519.kerchunk.json,mon,tas,1980,0.25952256,1.9058666229248047,3.342090368270874,1.3226239681243896,6.39113450050354,16.63680362701416,0.2662997245788574,1.4751250743865967,1.490257978439331,2.478062152862549,1.300243854522705,23.8184814453125,12.790026426315308
5,/global/cfs/projectdirs/m4931/sasha-tmp/kerchunk/tas/historical/day/CMIP6.CMIP.CCCma.CanESM5.historical.r17i1p2f1.day.tas.gn.v20190429.kerchunk.json,day,tas,60225,1.9734528,2.214336633682251,9.055307149887085,18.710352182388306,41.04486799240112,161.2607593536377,0.6993412971496582,2.308039426803589,2.1752047538757324,1.741114854812622,1.1830549240112305,186.23460245132446,54.15777611732483
6,/global/cfs/projectdirs/m4931/sasha-tmp/kerchunk/ta/historical/mon/CMIP6.CMIP.MPI-M.MPI-ESM1-2-LR.historical.r18i1p1f1.CFmon.ta.gn.v20210901.kerchunk.json,mon,ta,1980,6.86112768,0.4279007911682129,5.307002782821655,0.12735986709594727,3.0082359313964844,3.609872579574585,0.4544980525970459,2.1287078857421875,2.332667589187622,1.2942118644714355,1.5984184741973877,7.588052988052368,12.700822830200195
7,/global/cfs/projectdirs/m4931/sasha-tmp/kerchunk/tas/historical/mon/CMIP6.CMIP.IPSL.IPSL-CM6A-LR.historical.r23i1p1f1.Amon.tas.gr.v20180803.kerchunk.json,mon,tas,1980,0.16308864,0.3682878017425537,0.6333208084106445,1.2096424102783203,4.891630411148071,15.66496729850769,0.18076324462890625,0.6958560943603516,1.1499509811401367,0.6173081398010254,0.7705283164978027,18.55606174468994,7.6261937618255615
8,/global/cfs/projectdirs/m4931/sasha-tmp/kerchunk/ta/historical/mon/CMIP6.CMIP.MIROC.MIROC-ES2L.historical.r10i1p1f2.CFmon.ta.gn.v20200318.kerchunk.json,mon,ta,1980,2.5952256,0.40706396102905273,0.6475241184234619,0.38073015213012695,3.2482101917266846,9.656693458557129,0.460007905960083,2.1454215049743652,1.9144845008850098,1.149566650390625,1.4818248748779297,13.739475727081299,7.752051591873169
9,/global/cfs/projectdirs/m4931/sasha-tmp/kerchunk/ta/historical/day/CMIP6.CMIP.NUIST.NESM3.historical.r2i1p1f1.day.ta.gn.v20190812.kerchunk.json,day,ta,12784,7.540310016,0.45348072052001953,3.1382992267608643,0.8113827705383301,5.689919710159302,8.83725357055664,0.46244192123413086,2.108299970626831,2.3997530937194824,1.9105534553527832,1.6618468761444092,14.120970487594604,13.352260828018188
10,/global/cfs/projectdirs/m4931/sasha-tmp/kerchunk/ta/historical/mon/CMIP6.CMIP.MIROC.MIROC-ES2L.historical.r26i1p1f2.Amon.ta.gn.v20210317.kerchunk.json,mon,ta,1980,1.23273216,0.28643059730529785,0.726264238357544,0.8165314197540283,3.84070086479187,7.959304571151733,0.4468538761138916,1.866607904434204,1.7839994430541992,1.1229209899902344,1.0646305084228516,12.051795482635498,7.8624489307403564
11,/global/cfs/projectdirs/m4931/sasha-tmp/kerchunk/ta/historical/mon/CMIP6.CMIP.CCCma.CanESM5.historical.r9i1p2f1.Amon.ta.gn.v20190429.kerchunk.json,mon,ta,1980,1.23273216,0.4776592254638672,0.9221694469451904,0.6406810283660889,6.366025686264038,6.666964292526245,0.44400763511657715,1.8101069927215576,1.8356711864471436,1.3701632022857666,1.1371405124664307,10.965574741363525,10.70501446723938
12,/global/cfs/projectdirs/m4931/sasha-tmp/kerchunk/ta/historical/mon/CMIP6.CMIP.MIROC.MIROC6.historical.r41i1p1f1.Amon.ta.gn.v20200519.kerchunk.json,mon,ta,1980,4.93092864,0.3997025489807129,4.61751127243042,0.16035938262939453,2.5808324813842773,2.4753334522247314,0.4420318603515625,2.4952239990234375,2.295583963394165,1.5919663906097412,1.798757553100586,7.122585773468018,11.73471713066101
13,/global/cfs/projectdirs/m4931/sasha-tmp/kerchunk/ta/historical/mon/CMIP6.CMIP.MIROC.MIROC-ES2L.historical.r1i1000p1f2.CFmon.ta.gn.v20210107.kerchunk.json,mon,ta,1980,2.5952256,0.48168468475341797,1.1760358810424805,0.4333930015563965,3.2773308753967285,7.93390965461731,0.4458315372467041,1.8792634010314941,1.7857134342193604,1.2395505905151367,1.0942184925079346,11.967801332473755,7.779130220413208
14,/global/cfs/projectdirs/m4931/sasha-tmp/kerchunk/ta/historical/hr-misc/CMIP6.CMIP.IPSL.IPSL-CM6A-LR.historical.r30i1p1f1.6hrPlevPt.ta.gr.v20180803.kerchunk.json,hr-misc,ta,94964,23.465984256,1.76224946975708,16.684396982192993,2.0124592781066895,7.24185848236084,19.236264944076538,0.522519588470459,2.4931812286376953,2.517538070678711,1.0524721145629883,2.0154528617858887,26.55662703514099,28.98176598548889
15,/global/cfs/projectdirs/m4931/sasha-tmp/kerchunk/tas/historical/mon/CMIP6.CMIP.CCCma.CanESM5-1.historical.r14i1p2f1.Amon.tas.gn.v20190429.kerchunk.json,mon,tas,1980,0.06488064,0.4015035629272461,0.5942497253417969,1.2869536876678467,4.017788648605347,15.512165307998657,0.09600329399108887,1.2148950099945068,0.5505204200744629,1.3951926231384277,0.3624560832977295,19.810710191726685,5.621018171310425
16,/global/cfs/projectdirs/m4931/sasha-tmp/kerchunk/tas/historical/mon/CMIP6.CMIP.MIROC.MIROC-ES2L.historical.r7i1p1f2.Amon.tas.gn.v20200318.kerchunk.json,mon,tas,1980,0.06488064,0.8059463500976562,0.5897567272186279,1.613844633102417,3.8318991661071777,15.574724674224854,0.09993696212768555,0.44316887855529785,0.5158257484436035,0.3933894634246826,0.5746164321899414,18.831073999404907,5.612035036087036
17,/global/cfs/projectdirs/m4931/sasha-tmp/kerchunk/tas/historical/mon/CMIP6.CMIP.MIROC.MIROC6.historical.r7i1p1f1.Amon.tas.gn.v20181212.kerchunk.json,mon,tas,1980,0.25952256,3.8459253311157227,0.9576160907745361,1.5463752746582031,6.367224931716919,15.610519886016846,0.2629842758178711,0.9830007553100586,1.0670180320739746,1.0954456329345703,0.9235968589782715,23.0812668800354,9.578440189361572
18,/global/cfs/projectdirs/m4931/sasha-tmp/kerchunk/tas/historical/mon/CMIP6.CMIP.MPI-M.MPI-ESM1-2-LR.historical.r49i1p1f1.Amon.tas.gn.v20190815.kerchunk.json,mon,tas,1980,0.14598144,0.38698482513427734,3.4800894260406494,1.5358028411865234,5.340156078338623,5.4368720054626465,0.2833693027496338,0.7412433624267578,0.6884169578552246,0.7010507583618164,0.7482621669769287,8.801953792572021,10.54029393196106
19,/global/cfs/projectdirs/m4931/sasha-tmp/kerchunk/ta/historical/day/CMIP6.CMIP.EC-Earth-Consortium.EC-Earth3-Veg.historical.r3i1p1f1.day.ta.gr.v20190911.kerchunk.json,day,ta,12420,52.09325568,0.9694516658782959,11.939672470092773,0.11664271354675293,6.979875564575195,7.116781949996948,0.43359827995300293,2.127598285675049,3.16701340675354,1.6180107593536377,2.7506422996520996,11.948485374450684,25.27080202102661
20,/global/cfs/projectdirs/m4931/sasha-tmp/kerchunk/tas/historical/mon/CMIP6.CMIP.IPSL.IPSL-CM6A-LR.historical.r20i1p1f1.Amon.tas.gr.v20180803.kerchunk.json,mon,tas,1980,0.16308864,0.39571118354797363,0.6472640037536621,1.086634635925293,4.3292131423950195,11.979673624038696,0.17893648147583008,0.7804913520812988,0.7821803092956543,0.8809399604797363,0.5818278789520264,15.123450756072998,6.519421815872192
21,/global/cfs/projectdirs/m4931/sasha-tmp/kerchunk/tas/historical/mon/CMIP6.CMIP.CCCma.CanESM5-1.historical.r3i1p1f1.Amon.tas.gn.v20190429.kerchunk.json,mon,tas,1980,0.06488064,0.48609256744384766,0.5977263450622559,1.1251533031463623,3.908247232437134,13.228144407272339,0.09998822212219238,0.4219849109649658,0.6007800102233887,0.3543548583984375,0.5050418376922607,15.615730047225952,5.7117836475372314
22,/global/cfs/projectdirs/m4931/sasha-tmp/kerchunk/tas/historical/day/CMIP6.CMIP.IPSL.IPSL-CM6A-LR.historical.r22i1p1f1.day.tas.gr.v20190614.kerchunk.json,day,tas,60265,4.96390752,1.0506141185760498,11.183077573776245,6.403673887252808,17.564541816711426,44.42212891578674,0.5542740821838379,2.3940653800964355,2.143914222717285,1.2365915775299072,1.1624853610992432,55.50707387924194,32.60829305648804
23,/global/cfs/projectdirs/m4931/sasha-tmp/kerchunk/tas/historical/mon/CMIP6.CMIP.MIROC.MIROC6.historical.r35i1p1f1.Amon.tas.gn.v20200519.kerchunk.json,mon,tas,1980,0.25952256,0.4137263298034668,0.8247137069702148,1.3455209732055664,5.180347919464111,15.129029035568237,0.26168155670166016,0.9267373085021973,1.1127393245697021,0.9295694828033447,0.9363183975219727,18.744583129882812,8.315800905227661
24,/global/cfs/projectdirs/m4931/sasha-tmp/kerchunk/ta/historical/mon/CMIP6.CMIP.NCC.NorCPM1.historical.r7i1p1f1.Amon.ta.gn.v20200724.kerchunk.json,mon,ta,1980,2.08023552,0.9142661094665527,1.134294033050537,0.3959541320800781,3.522597312927246,4.621893882751465,0.44713830947875977,1.8125026226043701,1.9013590812683105,1.2142055034637451,1.400620460510254,8.958822250366211,8.406009197235107
25,/global/cfs/projectdirs/m4931/sasha-tmp/kerchunk/ta/historical/mon/CMIP6.CMIP.CCCma.CanESM5.historical.r17i1p1f1.Amon.ta.gn.v20190429.kerchunk.json,mon,ta,1980,1.23273216,0.34303736686706543,0.6006922721862793,0.6902616024017334,5.50838303565979,7.278505086898804,0.44111013412475586,2.1010444164276123,1.725478172302246,1.1786644458770752,1.091752290725708,11.59151291847229,9.36741590499878
26,/global/cfs/projectdirs/m4931/sasha-tmp/kerchunk/ta/historical/mon/CMIP6.CMIP.MIROC.MIROC-ES2L.historical.r17i1p1f2.Amon.ta.gn.v20210317.kerchunk.json,mon,ta,1980,1.23273216,0.33150672912597656,0.7353792190551758,0.6537268161773682,3.411935567855835,5.800395727157593,0.4491574764251709,1.775918960571289,1.8587677478790283,1.0118725299835205,1.1185874938964844,9.573420763015747,7.573827505111694
27,/global/cfs/projectdirs/m4931/sasha-tmp/kerchunk/ta/historical/mon/CMIP6.CMIP.MPI-M.MPI-ESM1-2-LR.historical.r26i1p1f1.Emon.ta.gn.v20210901.kerchunk.json,mon,ta,1980,4.08748032,0.644742488861084,1.898308515548706,0.20461177825927734,2.715259552001953,2.965711832046509,0.4360480308532715,2.2177603244781494,2.177853584289551,1.2790729999542236,1.4456994533538818,7.311899423599243,8.673169136047363
28,/global/cfs/projectdirs/m4931/sasha-tmp/kerchunk/ta/historical/mon/CMIP6.CMIP.MIROC.MIROC6.historical.r49i1p1f1.Amon.ta.gn.v20200519.kerchunk.json,mon,ta,1980,4.93092864,0.3868222236633301,2.8714423179626465,0.1844193935394287,2.698301076889038,2.6543548107147217,0.4446234703063965,2.240386962890625,2.400604009628296,1.623946189880371,1.579439401626587,7.089929580688477,9.994410276412964
29,/global/cfs/projectdirs/m4931/sasha-tmp/kerchunk/tas/historical/mon/CMIP6.CMIP.NCC.NorCPM1.historical.r21i1p1f1.Amon.tas.gn.v20200724.kerchunk.json,mon,tas,1980,0.10948608,0.27953362464904785,0.7231290340423584,1.4216830730438232,4.472457408905029,12.542408466339111,0.13491153717041016,0.599219560623169,0.6646199226379395,0.5373184680938721,0.530156135559082,15.380163192749023,6.525274038314819
30,/global/cfs/projectdirs/m4931/sasha-tmp/kerchunk/ta/historical/mon/CMIP6.CMIP.MPI-M.MPI-ESM1-2-LR.historical.r2i1p1f1.CFmon.ta.gn.v20190710.kerchunk.json,mon,ta,1980,6.86112768,0.4928100109100342,2.0993573665618896,0.14816069602966309,2.853956699371338,3.4980967044830322,0.5062413215637207,3.3132126331329346,2.4947822093963623,1.2631525993347168,1.2984459400177002,8.71543264389038,9.25278353691101
31,/global/cfs/projectdirs/m4931/sasha-tmp/kerchunk/ta/historical/hr-misc/CMIP6.CMIP.IPSL.IPSL-CM6A-LR.historical.r29i1p1f1.6hrPlevPt.ta.gr.v20180803.kerchunk.json,hr-misc,ta,94964,23.465984256,1.4074084758758545,14.811150312423706,1.7972166538238525,7.566176652908325,15.378069162368774,0.4764080047607422,2.277777671813965,3.62467885017395,1.1713314056396484,1.3046610355377197,22.031803369522095,27.783074855804443
32,/global/cfs/projectdirs/m4931/sasha-tmp/kerchunk/ta/historical/mon/CMIP6.CMIP.NIMS-KMA.KACE-1-0-G.historical.r2i1p1f1.Amon.ta.gr.v20191028.kerchunk.json,mon,ta,1980,4.16047104,0.29364895820617676,0.2958383560180664,0.20949506759643555,2.7038345336914062,3.0845096111297607,0.436978816986084,2.193544864654541,2.1480419635772705,1.4445960521697998,1.365476369857788,7.225794553756714,6.950170040130615
33,/global/cfs/projectdirs/m4931/sasha-tmp/kerchunk/tas/historical/day/CMIP6.CMIP.EC-Earth-Consortium.EC-Earth3.historical.r18i1p1f1.day.tas.gr.v20191018.kerchunk.json,day,tas,14243,7.467433984,0.5622453689575195,8.16581106185913,0.9355762004852295,5.677669286727905,8.928524255752563,0.46881961822509766,2.251518964767456,2.0886924266815186,1.7952532768249512,1.923478126525879,14.47311806678772,18.32447052001953
34,/global/cfs/projectdirs/m4931/sasha-tmp/kerchunk/ta/historical/hr-misc/CMIP6.CMIP.IPSL.IPSL-CM6A-LR.historical.r24i1p1f1.CF3hr.ta.gr.v20180803.kerchunk.json,hr-misc,ta,11696,76.106714112,0.5416562557220459,3.2204527854919434,0.07134485244750977,2.5819008350372314,1.7930994033813477,0.44304490089416504,2.280015468597412,2.345384120941162,1.2400617599487305,1.1464500427246094,5.926177740097046,9.737232685089111
35,/global/cfs/projectdirs/m4931/sasha-tmp/kerchunk/tas/historical/mon/CMIP6.CMIP.NCAR.CESM2-FV2.historical.r3i1p1f1.Amon.tas.gn.v20200226.kerchunk.json,mon,tas,1980,0.10948608,0.3517167568206787,0.9616177082061768,1.2484054565429688,4.756434202194214,9.008599281311035,0.13436031341552734,0.607698917388916,0.7168405055999756,0.4907686710357666,0.7589993476867676,11.707189083099365,7.328252077102661
36,/global/cfs/projectdirs/m4931/sasha-tmp/kerchunk/tas/historical/mon/CMIP6.CMIP.MOHC.UKESM1-0-LL.historical.r19i1p1f2.Amon.tas.gn.v20191119.kerchunk.json,mon,tas,1980,0.21897216,0.3130066394805908,0.8916981220245361,1.3910517692565918,5.464740037918091,16.543537855148315,0.2314589023590088,0.9762842655181885,1.0152549743652344,0.7926170825958252,0.6935811042785645,20.01649761199951,8.296733140945435
37,/global/cfs/projectdirs/m4931/sasha-tmp/kerchunk/ta/historical/hr-misc/CMIP6.CMIP.IPSL.IPSL-CM6A-LR.historical.r1i1p1f1.Eday.ta.gr.v20180803.kerchunk.json,hr-misc,ta,23741,37.154475072,0.6089427471160889,4.738543748855591,0.2500426769256592,3.4926950931549072,4.128751039505005,0.4825448989868164,2.1920089721679688,2.678126811981201,1.1068353652954102,1.535670518875122,8.286580801010132,12.927581071853638
38,/global/cfs/projectdirs/m4931/sasha-tmp/kerchunk/tas/historical/day/CMIP6.CMIP.CCCma.CanESM5.historical.r6i1p2f1.day.tas.gn.v20190429.kerchunk.json,day,tas,60225,1.9734528,1.3392715454101562,9.567893981933594,20.55401611328125,45.57837224006653,170.91393566131592,0.7599875926971436,2.879021406173706,2.337709903717041,1.2926726341247559,1.2709784507751465,196.9789173603058,59.51494216918945
39,/global/cfs/projectdirs/m4931/sasha-tmp/kerchunk/tas/historical/mon/CMIP6.CMIP.CCCma.CanESM5-1.historical.r27i1p1f1.Amon.tas.gn.v20190429.kerchunk.json,mon,tas,1980,0.06488064,0.5727660655975342,0.7686002254486084,1.4140503406524658,3.9699130058288574,16.4192316532135,0.11473989486694336,0.6173603534698486,0.6168851852416992,0.793285608291626,0.3551197052001953,19.816694021224976,5.825258016586304
40,/global/cfs/projectdirs/m4931/sasha-tmp/kerchunk/ta/historical/day/CMIP6.CMIP.CCCma.CanESM5.historical.r21i1p1f1.day.ta.gn.v20190429.kerchunk.json,day,ta,60225,15.7876224,1.0709137916564941,17.44397211074829,2.1828458309173584,8.30377459526062,12.6844003200531,0.6004328727722168,2.5728464126586914,2.2124855518341064,1.0256457328796387,1.0955207347869873,19.536652088165283,29.65618586540222
41,/global/cfs/projectdirs/m4931/sasha-tmp/kerchunk/ta/historical/mon/CMIP6.CMIP.CCCma.CanESM5.historical.r9i1p1f1.Amon.ta.gn.v20190429.kerchunk.json,mon,ta,1980,1.23273216,0.4772913455963135,0.6348814964294434,0.7173366546630859,5.267595529556274,7.319208383560181,0.4771692752838135,2.1678154468536377,1.9046244621276855,1.518402099609375,1.2090122699737549,12.200053930282593,9.493283033370972
42,/global/cfs/projectdirs/m4931/sasha-tmp/kerchunk/ta/historical/mon/CMIP6.CMIP.INM.INM-CM5-0.historical.r9i1p1f1.CFmon.ta.gr1.v20190710.kerchunk.json,mon,ta,1980,12.488256,0.6345291137695312,6.1854424476623535,0.07830095291137695,5.184698820114136,6.6010589599609375,0.4436216354370117,2.373332977294922,2.1539413928985596,1.4971880912780762,1.6111111640930176,11.184410095214844,15.578815460205078
43,/global/cfs/projectdirs/m4931/sasha-tmp/kerchunk/ta/historical/mon/CMIP6.CMIP.MPI-M.MPI-ESM1-2-LR.historical.r48i1p1f1.Emon.ta.gn.v20190815.kerchunk.json,mon,ta,1980,4.08748032,0.6931746006011963,2.569167375564575,0.2287888526916504,2.643134117126465,3.0923078060150146,0.4599947929382324,2.661520004272461,2.3101251125335693,1.497199535369873,1.2790184020996094,8.172990798950195,9.261439800262451
44,/global/cfs/projectdirs/m4931/sasha-tmp/kerchunk/tas/historical/mon/CMIP6.CMIP.CCCma.CanESM5.historical.r25i1p2f1.Amon.tas.gn.v20190429.kerchunk.json,mon,tas,1980,0.06488064,0.4162118434906006,0.6612658500671387,1.3141355514526367,4.031944513320923,12.35144829750061,0.10489773750305176,0.683523416519165,0.7390878200531006,0.52962327003479,0.4577021598815918,15.294942378997803,5.994898080825806
45,/global/cfs/projectdirs/m4931/sasha-tmp/kerchunk/tas/historical/day/CMIP6.CMIP.CMCC.CMCC-CM2-SR5.historical.r2i1p2f1.day.tas.gn.v20211109.kerchunk.json,day,tas,60225,13.3208064,1.4408063888549805,14.835558652877808,2.3184852600097656,7.349685907363892,18.605690717697144,0.4723989963531494,2.131986141204834,2.362884759902954,1.4962573051452637,2.063730478286743,25.993225812911987,27.084258794784546
46,/global/cfs/projectdirs/m4931/sasha-tmp/kerchunk/ta/historical/mon/CMIP6.CMIP.CNRM-CERFACS.CNRM-CM6-1.historical.r12i1p1f2.CFmon.ta.gr.v20191004.kerchunk.json,mon,ta,1980,23.61655296,1.0397958755493164,1.1682384014129639,0.044393301010131836,2.6603400707244873,1.4552018642425537,0.4466698169708252,2.2502682209014893,2.266605854034424,1.8075671195983887,1.561974048614502,6.59722638130188,8.103828191757202
47,/global/cfs/projectdirs/m4931/sasha-tmp/kerchunk/ta/historical/mon/CMIP6.CMIP.MOHC.HadGEM3-GC31-MM.historical.r2i1p1f3.CFmon.ta.gn.v20220905.kerchunk.json,mon,ta,1980,94.2264576,0.6769182682037354,4.6033971309661865,0.02443218231201172,2.8234660625457764,1.5918145179748535,0.5115466117858887,2.758878469467163,2.8134844303131104,1.553485631942749,1.2831528186798096,6.605529069900513,12.035047054290771
48,/global/cfs/projectdirs/m4931/sasha-tmp/kerchunk/ta/historical/hr-misc/CMIP6.CMIP.IPSL.IPSL-CM6A-LR.historical.r26i1p1f1.6hrPlevPt.ta.gr.v20180803.kerchunk.json,hr-misc,ta,94964,23.465984256,1.4287784099578857,18.1995370388031,1.627553939819336,6.789569139480591,19.774364709854126,0.4745299816131592,2.3746676445007324,2.6631321907043457,1.701521635055542,1.2680354118347168,26.906886339187622,29.394803762435913
49,/global/cfs/projectdirs/m4931/sasha-tmp/kerchunk/ta/historical/hr-misc/CMIP6.CMIP.IPSL.IPSL-CM6A-LR.historical.r24i1p1f1.6hrPlevPt.ta.gr.v20180803.kerchunk.json,hr-misc,ta,94964,23.465984256,1.588789463043213,18.88964056968689,1.895911693572998,8.105672597885132,14.268648862838745,0.5377109050750732,2.402714967727661,3.2406165599823,1.1565093994140625,1.241530418395996,21.31257438659668,32.01517105102539
50,/global/cfs/projectdirs/m4931/sasha-tmp/kerchunk/ta/historical/mon/CMIP6.CMIP.IPSL.IPSL-CM6A-LR.historical.r21i1p1f1.Amon.ta.gr.v20180803.kerchunk.json,mon,ta,1980,3.09868416,0.3416178226470947,2.3405001163482666,0.24024605751037598,3.9093263149261475,3.523059129714966,0.4451310634613037,2.376150369644165,2.3003296852111816,1.1339952945709229,1.502115249633789,7.615068674087524,10.497402429580688
51,/global/cfs/projectdirs/m4931/sasha-tmp/kerchunk/ta/historical/mon/CMIP6.CMIP.EC-Earth-Consortium.EC-Earth3.historical.r112i1p1f1.Amon.ta.gr.v20200412.kerchunk.json,mon,ta,540,5.37919488,0.4950237274169922,9.667487621307373,0.04064822196960449,4.444046497344971,2.5991148948669434,0.49786996841430664,2.317117929458618,3.0494349002838135,1.7827434539794922,1.9667775630950928,7.23464822769165,19.625616550445557
52,/global/cfs/projectdirs/m4931/sasha-tmp/kerchunk/tas/historical/mon/CMIP6.CMIP.CNRM-CERFACS.CNRM-CM6-1-HR.historical.r1i1p1f2.Amon.tas.gr.v20191021.kerchunk.json,mon,tas,1980,2.052864,0.46739697456359863,0.6484348773956299,0.3687584400177002,3.1110949516296387,5.039762258529663,0.43030738830566406,2.466279983520508,1.8005192279815674,1.6574592590332031,1.4104831218719482,9.999656915664673,7.400839567184448
53,/global/cfs/projectdirs/m4931/sasha-tmp/kerchunk/tas/historical/day/CMIP6.CMIP.MPI-M.MPI-ESM1-2-HR.historical.r8i1p1f1.day.tas.gn.v20190710.kerchunk.json,day,tas,12785,3.77044992,0.6562776565551758,3.497205972671509,1.596907615661621,5.528900861740112,13.46103048324585,0.6691019535064697,2.282966375350952,2.1715431213378906,1.902437686920166,1.411555528640747,19.899619817733765,13.278307437896729
54,/global/cfs/projectdirs/m4931/sasha-tmp/kerchunk/ta/historical/mon/CMIP6.CMIP.CCCma.CanESM5-1.historical.r36i1p1f1.Amon.ta.gn.v20190429.kerchunk.json,mon,ta,1980,1.23273216,0.29676222801208496,0.5736126899719238,0.6884839534759521,5.249242782592773,6.221975564956665,0.4865744113922119,1.9827563762664795,1.996006727218628,1.1721184253692627,1.0823180675506592,10.362096548080444,9.387754678726196
55,/global/cfs/projectdirs/m4931/sasha-tmp/kerchunk/ta/historical/mon/CMIP6.CMIP.MIROC.MIROC6.historical.r1i1p1f1.Amon.ta.gn.v20190311.kerchunk.json,mon,ta,1980,4.93092864,0.4186110496520996,3.6067209243774414,0.16580700874328613,2.469487190246582,2.4916317462921143,0.44165968894958496,2.7824387550354004,2.3641204833984375,1.7846767902374268,1.5671610832214355,7.643165349960327,10.449149370193481
56,/global/cfs/projectdirs/m4931/sasha-tmp/kerchunk/ta/historical/mon/CMIP6.CMIP.MPI-M.MPI-ESM1-2-LR.historical.r25i1p1f1.CFmon.ta.gn.v20210901.kerchunk.json,mon,ta,1980,6.86112768,0.5439951419830322,2.4543445110321045,0.14324283599853516,2.9168636798858643,3.583756685256958,0.44251370429992676,2.2720065116882324,2.276522636413574,1.2499139308929443,1.386422872543335,7.792915105819702,9.476667404174805
57,/global/cfs/projectdirs/m4931/sasha-tmp/kerchunk/tas/historical/day/CMIP6.CMIP.CCCma.CanESM5.historical.r6i1p1f1.day.tas.gn.v20190429.kerchunk.json,day,tas,60225,1.9734528,0.9486908912658691,35.55308294296265,16.201226949691772,88.877676486969,168.59925889968872,0.7065393924713135,2.371180295944214,3.270190477371216,1.3741750717163086,3.8870770931243896,189.49453210830688,132.29456639289856
58,/global/cfs/projectdirs/m4931/sasha-tmp/kerchunk/ta/historical/mon/CMIP6.CMIP.IPSL.IPSL-CM6A-LR.historical.r9i1p1f1.Amon.ta.gr.v20180803.kerchunk.json,mon,ta,1980,3.09868416,0.37897825241088867,0.6424119472503662,0.22724103927612305,3.090445041656494,2.9254508018493652,0.4401106834411621,2.366658926010132,2.2828221321105957,1.1072592735290527,1.1004607677459717,7.0055882930755615,7.55625057220459
59,/global/cfs/projectdirs/m4931/sasha-tmp/kerchunk/tas/historical/mon/CMIP6.CMIP.CCCma.CanESM5-1.historical.r33i1p1f1.Amon.tas.gn.v20190429.kerchunk.json,mon,tas,1980,0.06488064,0.28824520111083984,0.6600241661071777,1.0958383083343506,6.117475986480713,11.202971696853638,0.10101962089538574,0.46694254875183105,0.5327985286712646,2.5818405151367188,0.43798136711120605,15.635838270187378,7.849299669265747
60,/global/cfs/projectdirs/m4931/sasha-tmp/kerchunk/ta/historical/day/CMIP6.CMIP.CNRM-CERFACS.CNRM-CM6-1.historical.r19i1p1f2.day.ta.gr.v20191004.kerchunk.json,day,ta,14610,15.31969536,0.6341066360473633,3.1191763877868652,0.3844923973083496,3.197828769683838,4.995723009109497,0.45723724365234375,2.3175225257873535,2.3440473079681396,1.5390849113464355,1.4519059658050537,9.870929479598999,10.57019567489624
61,/global/cfs/projectdirs/m4931/sasha-tmp/kerchunk/ta/historical/hr-misc/CMIP6.CMIP.AWI.AWI-CM-1-1-MR.historical.r2i1p1f1.Eday.ta.gn.v20181218.kerchunk.json,hr-misc,ta,60265,337.68456192,4.0340094566345215,64.63326072692871,0.3543710708618164,14.931780815124512,7.1134843826293945,0.4864308834075928,2.1679680347442627,4.851393938064575,1.387120008468628,12.725773811340332,15.056952953338623,97.62864017486572
62,/global/cfs/projectdirs/m4931/sasha-tmp/kerchunk/tas/historical/mon/CMIP6.CMIP.NCC.NorCPM1.historical.r24i1p1f1.Amon.tas.gn.v20200724.kerchunk.json,mon,tas,1980,0.10948608,0.3348510265350342,0.5558712482452393,1.40586256980896,4.010833024978638,11.805965185165405,0.13248133659362793,0.548673152923584,0.7745599746704102,0.791121244430542,0.7259228229522705,14.886473178863525,6.1996684074401855
63,/global/cfs/projectdirs/m4931/sasha-tmp/kerchunk/ta/historical/mon/CMIP6.CMIP.EC-Earth-Consortium.EC-Earth3-CC.historical.r11i1p1f1.Amon.ta.gr.v20210701.kerchunk.json,mon,ta,1980,6.22854144,0.7029473781585693,45.57094478607178,0.11230087280273438,9.096086263656616,0.8285007476806641,0.4433112144470215,2.1772193908691406,2.2532131671905518,1.955806016921997,1.6276628971099854,5.7767744064331055,58.99121832847595
64,/global/cfs/projectdirs/m4931/sasha-tmp/kerchunk/ta/historical/mon/CMIP6.CMIP.EC-Earth-Consortium.EC-Earth3.historical.r114i1p1f1.Amon.ta.gr.v20200412.kerchunk.json,mon,ta,540,5.37919488,0.2964482307434082,8.024549722671509,0.05502629280090332,3.9592175483703613,2.7086291313171387,0.44107913970947266,2.172302007675171,2.220447540283203,1.7856931686401367,1.5442793369293213,7.018098831176758,16.189573287963867
65,/global/cfs/projectdirs/m4931/sasha-tmp/kerchunk/tas/historical/day/CMIP6.CMIP.NCAR.CESM2.historical.r1i1p1f1.day.tas.gn.v20190308.kerchunk.json,day,tas,60226,13.321027584,1.0797934532165527,4.83167576789856,2.877744674682617,7.967666864395142,14.49618935585022,0.4755885601043701,2.2422757148742676,2.1806325912475586,1.224651575088501,1.1971440315246582,21.920654773712158,16.652707815170288
66,/global/cfs/projectdirs/m4931/sasha-tmp/kerchunk/tas/historical/mon/CMIP6.CMIP.HAMMOZ-Consortium.MPI-ESM-1-2-HAM.historical.r1i1p1f1.Amon.tas.gn.v20190627.kerchunk.json,mon,tas,1980,0.14598144,0.34008336067199707,1.5909910202026367,1.333878517150879,5.1742987632751465,5.156766653060913,0.17130565643310547,0.7018835544586182,1.263418436050415,0.7490189075469971,1.0040507316589355,8.281630992889404,9.20406460762024
67,/global/cfs/projectdirs/m4931/sasha-tmp/kerchunk/ta/historical/mon/CMIP6.CMIP.MPI-M.MPI-ESM1-2-LR.historical.r9i1p1f1.Emon.ta.gn.v20190710.kerchunk.json,mon,ta,1980,4.08748032,1.9029412269592285,3.8014607429504395,0.19491958618164062,2.8320534229278564,3.016104221343994,0.49858880043029785,2.190477132797241,2.442653179168701,1.250270128250122,1.4745643138885498,8.554712295532227,11.049320459365845
68,/global/cfs/projectdirs/m4931/sasha-tmp/kerchunk/tas/historical/mon/CMIP6.CMIP.NCC.NorCPM1.historical.r20i1p1f1.Amon.tas.gn.v20200724.kerchunk.json,mon,tas,1980,0.10948608,0.2789623737335205,1.9440908432006836,1.3103411197662354,4.161759614944458,11.957978963851929,0.14192724227905273,0.7008185386657715,2.277428388595581,0.8621213436126709,1.8934400081634521,15.110222339630127,10.418646097183228
69,/global/cfs/projectdirs/m4931/sasha-tmp/kerchunk/tas/historical/day/CMIP6.CMIP.IPSL.IPSL-CM6A-LR.historical.r28i1p1f1.day.tas.gr.v20190614.kerchunk.json,day,tas,60265,4.96390752,0.9277350902557373,42.670618772506714,6.238630294799805,35.41473150253296,60.924291133880615,0.5435469150543213,5.44008994102478,2.8013010025024414,8.2807297706604,4.0136659145355225,81.81147623062134,85.44386410713196
70,/global/cfs/projectdirs/m4931/sasha-tmp/kerchunk/ta/historical/day/CMIP6.CMIP.CCCma.CanESM5.historical.r15i1p1f1.day.ta.gn.v20190429.kerchunk.json,day,ta,60225,15.7876224,3.0032870769500732,81.17819929122925,2.2792296409606934,8.098660230636597,22.14429759979248,0.4706246852874756,3.15476393699646,2.0938267707824707,5.269728183746338,1.0517783164978027,35.851306438446045,92.8930892944336
71,/global/cfs/projectdirs/m4931/sasha-tmp/kerchunk/ta/historical/hr-misc/CMIP6.CMIP.MOHC.UKESM1-0-LL.historical.r5i1p1f3.Eday.ta.gn.v20191115.kerchunk.json,hr-misc,ta,9000,18.911232,6.229753494262695,15.714843034744263,0.18456482887268066,4.402502536773682,3.792276620864868,0.429943323135376,3.4268696308135986,3.1545569896698,4.8709716796875,4.705122947692871,18.504436254501343,28.40696883201599
72,/global/cfs/projectdirs/m4931/sasha-tmp/kerchunk/ta/historical/hr-misc/CMIP6.CMIP.IPSL.IPSL-CM6A-LR.historical.r23i1p1f1.6hrPlevPt.ta.gr.v20180803.kerchunk.json,hr-misc,ta,94964,23.465984256,3.952411413192749,20.424179792404175,1.7365024089813232,6.971841096878052,16.98328423500061,0.48046040534973145,2.4027717113494873,2.8685216903686523,1.1406188011169434,1.9320383071899414,26.215588569641113,32.67704129219055
73,/global/cfs/projectdirs/m4931/sasha-tmp/kerchunk/tas/historical/mon/CMIP6.CMIP.MRI.MRI-ESM2-0.historical.r7i1p1f1.Amon.tas.gn.v20210813.kerchunk.json,mon,tas,1980,0.405504,3.8907387256622314,3.381223440170288,1.3972773551940918,6.368287086486816,19.415281295776367,0.38108277320861816,2.1977133750915527,1.5541095733642578,4.591707468032837,1.3019039630889893,31.49271821975708,12.98660683631897
74,/global/cfs/projectdirs/m4931/sasha-tmp/kerchunk/ta/historical/day/CMIP6.CMIP.CCCma.CanESM5.historical.r4i1p2f1.day.ta.gn.v20190429.kerchunk.json,day,ta,60225,15.7876224,0.9155375957489014,14.876003742218018,1.8097848892211914,9.609027862548828,12.587300300598145,0.49973130226135254,2.4294745922088623,2.2856807708740234,1.1665053367614746,1.2784836292266846,18.908602714538574,28.548927307128906
75,/global/cfs/projectdirs/m4931/sasha-tmp/kerchunk/tas/historical/mon/CMIP6.CMIP.NCC.NorCPM1.historical.r10i1p1f1.Amon.tas.gn.v20200724.kerchunk.json,mon,tas,1980,0.10948608,0.8341357707977295,0.5814337730407715,1.4407362937927246,4.21168065071106,12.332042932510376,0.13284945487976074,0.5317094326019287,0.6614370346069336,0.5401713848114014,0.6013975143432617,15.67879581451416,6.188798427581787
76,/global/cfs/projectdirs/m4931/sasha-tmp/kerchunk/ta/historical/mon/CMIP6.CMIP.MPI-M.MPI-ESM1-2-HR.historical.r1i1p1f1.Amon.ta.gn.v20190710.kerchunk.json,mon,ta,1980,11.09458944,0.41852855682373047,5.38535213470459,0.09209012985229492,3.4718735218048096,6.515943288803101,0.4794583320617676,2.0155322551727295,2.0307347774505615,1.4074029922485352,1.3686096668243408,10.44949722290039,12.73602843284607
77,/global/cfs/projectdirs/m4931/sasha-tmp/kerchunk/ta/historical/mon/CMIP6.CMIP.INM.INM-CM5-0.historical.r9i1p1f1.Amon.ta.gr1.v20190710.kerchunk.json,mon,ta,1980,3.250368,0.3728659152984619,3.807776927947998,0.24115419387817383,4.427677869796753,2.5516669750213623,0.48702168464660645,2.523494243621826,2.722911834716797,1.3273217678070068,1.6496508121490479,7.016503095626831,13.095039129257202
78,/global/cfs/projectdirs/m4931/sasha-tmp/kerchunk/ta/historical/mon/CMIP6.CMIP.MIROC.MIROC-ES2L.historical.r28i1p1f2.Amon.ta.gn.v20210317.kerchunk.json,mon,ta,1980,1.23273216,2.8121321201324463,0.9818854331970215,0.6418473720550537,3.855625629425049,7.341819763183594,0.44008684158325195,3.39689302444458,3.0452680587768555,1.1960411071777344,3.123886823654175,15.388733386993408,11.446752786636353
79,/global/cfs/projectdirs/m4931/sasha-tmp/kerchunk/tas/historical/day/CMIP6.CMIP.NCAR.CESM2.historical.r4i1p1f1.day.tas.gn.v20190308.kerchunk.json,day,tas,60228,13.321469952,3.234788179397583,4.806431531906128,2.269498825073242,7.925899505615234,14.285543441772461,0.47159647941589355,3.7484498023986816,2.817174196243286,1.0980615615844727,4.306693077087402,24.63634181022644,20.327794790267944
80,/global/cfs/projectdirs/m4931/sasha-tmp/kerchunk/ta/historical/mon/CMIP6.CMIP.CCCma.CanESM5-1.historical.r2i1p2f1.Amon.ta.gn.v20190429.kerchunk.json,mon,ta,1980,1.23273216,0.41049742698669434,0.5680239200592041,0.724339485168457,5.156145334243774,4.933152675628662,0.4588336944580078,3.0775070190429688,2.1249327659606934,3.3555996417999268,3.1694581508636475,12.501096248626709,11.477393865585327
81,/global/cfs/projectdirs/m4931/sasha-tmp/kerchunk/tas/historical/day/CMIP6.CMIP.NCAR.CESM2.historical.r2i1p1f1.day.tas.gn.v20190308.kerchunk.json,day,tas,60226,13.321027584,1.0377514362335205,2.7666025161743164,2.6241514682769775,8.068086624145508,23.606431245803833,0.48757457733154297,2.609783411026001,2.182692289352417,1.112602710723877,1.4908626079559326,30.99072027206421,14.995818614959717
82,/global/cfs/projectdirs/m4931/sasha-tmp/kerchunk/ta/historical/hr-misc/CMIP6.CMIP.IPSL.IPSL-CM6A-LR.historical.r6i1p1f1.CFday.ta.gr.v20180803.kerchunk.json,hr-misc,ta,58439,380.266780608,2.2081730365753174,14.322712421417236,0.16373038291931152,3.0644338130950928,2.5126521587371826,0.4453868865966797,2.188495397567749,2.336841106414795,1.0941236019134521,1.268097162246704,8.167174577713013,21.437471389770508
83,/global/cfs/projectdirs/m4931/sasha-tmp/kerchunk/ta/historical/mon/CMIP6.CMIP.EC-Earth-Consortium.EC-Earth3-Veg.historical.r12i1p1f1.Amon.ta.gr.v20200925.kerchunk.json,mon,ta,1980,19.72371456,0.36568427085876465,37.667622327804565,0.05154609680175781,8.989124298095703,3.0339057445526123,0.3877105712890625,2.652930974960327,2.0854783058166504,1.847022294998169,1.4698891639709473,7.951089382171631,50.59982466697693
84,/global/cfs/projectdirs/m4931/sasha-tmp/kerchunk/ta/historical/mon/CMIP6.CMIP.CCCma.CanESM5.historical.r23i1p1f1.Amon.ta.gn.v20190429.kerchunk.json,mon,ta,1980,1.23273216,0.44637179374694824,0.56827712059021,0.6216897964477539,5.2514989376068115,7.192901372909546,0.45374369621276855,1.803697109222412,1.8482568264007568,1.4205851554870605,1.4965064525604248,11.48524522781372,9.618283033370972
