¨dataset_id,data_dir,kerchunk_file,variable,kerchunk_exists,status,skip_reason,error,file,netcdf_file_count,size_gb_physical,open_kerchunk,open_netcdf,load_kerchunk,load_netcdf,temporal_build_kerchunk,temporal_build_netcdf,temporal_compute_kerchunk,temporal_compute_netcdf,temporal_graph_tasks_kerchunk,temporal_graph_tasks_netcdf,spatial_build_kerchunk,spatial_build_netcdf,spatial_compute_kerchunk,spatial_compute_netcdf,open_ratio,load_ratio,temporal_compute_ratio,spatial_compute_ratio
CMIP6.ScenarioMIP.CCCma.CanESM5.ssp119.r3i1p2f1.Amon.tas.gn.v20190429,/global/cfs/projectdirs/m4931/gsharing/css03_data/CMIP6/ScenarioMIP/CCCma/CanESM5/ssp119/r3i1p2f1/Amon/tas/gn/v20190429,/global/cfs/projectdirs/m4931/sasha-tmp/kerchunk/tas/ssp119/mon/CMIP6.ScenarioMIP.CCCma.CanESM5.ssp119.r3i1p2f1.Amon.tas.gn.v20190429.kerchunk.json,tas,True,ok,,,/global/cfs/projectdirs/m4931/sasha-tmp/kerchunk/tas/ssp119/mon/CMIP6.ScenarioMIP.CCCma.CanESM5.ssp119.r3i1p2f1.Amon.tas.gn.v20190429.kerchunk.json,1.0,0.0254402924329042,0.2394863995141349,0.389062627509702,2.2248547625204083,0.2137643544992897,0.3542432265239768,0.4998161094845272,2.7005507114809006,0.9704097014619038,,,0.266551767999772,0.2613489774812478,3.218317325488897,0.5958420079841744,0.615547170508334,10.407978298027237,2.782897478675834,5.4012930984456125
CMIP6.CMIP.E3SM-Project.E3SM-2-1.piControl.r1i1p1f1.Amon.tas.gr.v20240208,/global/cfs/projectdirs/m4931/gsharing/user_pub_work/CMIP6/CMIP/E3SM-Project/E3SM-2-1/piControl/r1i1p1f1/Amon/tas/gr/v20240208,/global/cfs/projectdirs/m4931/sasha-tmp/kerchunk/tas/piControl/mon/CMIP6.CMIP.E3SM-Project.E3SM-2-1.piControl.r1i1p1f1.Amon.tas.gr.v20240208.kerchunk.json,tas,True,ok,,,/global/cfs/projectdirs/m4931/sasha-tmp/kerchunk/tas/piControl/mon/CMIP6.CMIP.E3SM-Project.E3SM-2-1.piControl.r1i1p1f1.Amon.tas.gr.v20240208.kerchunk.json,10.0,1.0330442655831575,0.2965558314754162,2.6983049259870318,2.436573190992931,0.7754968549998011,0.3631146514962893,0.5836826044833288,3.2767690239998046,1.0272529305366334,,,0.2652354240126442,0.2497571620042435,3.881599810003536,0.739253773499513,0.1099044917493663,3.1419510927527305,3.18983662795494,5.250700029069372
CMIP6.CMIP.E3SM-Project.E3SM-1-0.piControl.r1i1p1f1.Amon.tas.gr.v20190719,/global/cfs/projectdirs/m4931/gsharing/user_pub_work/CMIP6/CMIP/E3SM-Project/E3SM-1-0/piControl/r1i1p1f1/Amon/tas/gr/v20190719,/global/cfs/projectdirs/m4931/sasha-tmp/kerchunk/tas/piControl/mon/CMIP6.CMIP.E3SM-Project.E3SM-1-0.piControl.r1i1p1f1.Amon.tas.gr.v20190719.kerchunk.json,tas,True,ok,,,/global/cfs/projectdirs/m4931/sasha-tmp/kerchunk/tas/piControl/mon/CMIP6.CMIP.E3SM-Project.E3SM-1-0.piControl.r1i1p1f1.Amon.tas.gr.v20190719.kerchunk.json,19.0,1.020322664640844,0.3074172694759909,3.504820563510293,2.563358893996337,0.7709014099964406,0.3750143705110531,0.5949923634761944,3.389479647477856,1.021224918484222,,,0.253744251007447,0.2708964544872287,4.048022723000031,0.755223866464803,0.0877126985263101,3.325144902780983,3.3190334334073763,5.360030188067008
CMIP6.CMIP.MPI-M.MPI-ESM1-2-HR.historical.r1i1p1f1.Amon.tas.gn.v20190710,/global/cfs/projectdirs/m4931/gsharing/css03_data/CMIP6/CMIP/MPI-M/MPI-ESM1-2-HR/historical/r1i1p1f1/Amon/tas/gn/v20190710,/global/cfs/projectdirs/m4931/sasha-tmp/kerchunk/tas/historical/mon/CMIP6.CMIP.MPI-M.MPI-ESM1-2-HR.historical.r1i1p1f1.Amon.tas.gn.v20190710.kerchunk.json,tas,True,ok,,,/global/cfs/projectdirs/m4931/sasha-tmp/kerchunk/tas/historical/mon/CMIP6.CMIP.MPI-M.MPI-ESM1-2-HR.historical.r1i1p1f1.Amon.tas.gn.v20190710.kerchunk.json,33.0,0.2182935802266001,0.294306626485195,4.470662688981975,1.7574072544812225,0.5296734235016629,0.3560093189880717,0.551012592506595,2.7783704739704262,1.1517552040168084,,,0.2666988630080595,0.2878770754905417,3.118651213007979,0.7838735835102852,0.0658306490468446,3.317907179225701,2.412292529072766,3.97851296256504
CMIP6.CMIP.EC-Earth-Consortium.EC-Earth3.historical.r130i1p1f1.Amon.tas.gr.v20200412,/global/cfs/projectdirs/m4931/gsharing/css03_data/CMIP6/CMIP/EC-Earth-Consortium/EC-Earth3/historical/r130i1p1f1/Amon/tas/gr/v20200412,/global/cfs/projectdirs/m4931/sasha-tmp/kerchunk/tas/historical/mon/CMIP6.CMIP.EC-Earth-Consortium.EC-Earth3.historical.r130i1p1f1.Amon.tas.gr.v20200412.kerchunk.json,tas,True,ok,,,/global/cfs/projectdirs/m4931/sasha-tmp/kerchunk/tas/historical/mon/CMIP6.CMIP.EC-Earth-Consortium.EC-Earth3.historical.r130i1p1f1.Amon.tas.gr.v20200412.kerchunk.json,45.0,0.1983251189813017,0.2486577374802436,6.104109188483562,1.4893171745061409,1.2032239274994936,0.4080402800173033,0.6400793115026318,2.4487447174615227,1.160307770507643,,,0.2355172995012253,0.333879659010563,2.7045762020279653,0.8229433039959986,0.0407361221436501,1.237772238789498,2.1104268881955166,3.286467231576278
CMIP6.CMIP.MPI-M.MPI-ESM1-2-LR.piControl.r1i1p1f1.Amon.tas.gn.v20190710,/global/cfs/projectdirs/m4931/gsharing/css03_data/CMIP6/CMIP/MPI-M/MPI-ESM1-2-LR/piControl/r1i1p1f1/Amon/tas/gn/v20190710,/global/cfs/projectdirs/m4931/sasha-tmp/kerchunk/tas/piControl/mon/CMIP6.CMIP.MPI-M.MPI-ESM1-2-LR.piControl.r1i1p1f1.Amon.tas.gn.v20190710.kerchunk.json,tas,True,ok,,,/global/cfs/projectdirs/m4931/sasha-tmp/kerchunk/tas/piControl/mon/CMIP6.CMIP.MPI-M.MPI-ESM1-2-LR.piControl.r1i1p1f1.Amon.tas.gn.v20190710.kerchunk.json,50.0,0.3744578873738646,0.4743642270041164,9.356159219518304,2.9449839834996965,0.3868199170101434,0.4098900299868546,0.6206398674694356,3.972995566000464,1.1028301295009442,,,0.3022651089704595,0.2870075179962441,4.915572058496764,0.8143507860077079,0.050700743315112,7.613320447050485,3.6025453600894406,6.036185072768183
CMIP6.ScenarioMIP.EC-Earth-Consortium.EC-Earth3.ssp245.r124i1p1f1.Amon.tas.gr.v20210401,/global/cfs/projectdirs/m4931/gsharing/css03_data/CMIP6/ScenarioMIP/EC-Earth-Consortium/EC-Earth3/ssp245/r124i1p1f1/Amon/tas/gr/v20210401,/global/cfs/projectdirs/m4931/sasha-tmp/kerchunk/tas/ssp245/mon/CMIP6.ScenarioMIP.EC-Earth-Consortium.EC-Earth3.ssp245.r124i1p1f1.Amon.tas.gr.v20210401.kerchunk.json,tas,True,ok,,,/global/cfs/projectdirs/m4931/sasha-tmp/kerchunk/tas/ssp245/mon/CMIP6.ScenarioMIP.EC-Earth-Consortium.EC-Earth3.ssp245.r124i1p1f1.Amon.tas.gr.v20210401.kerchunk.json,86.0,0.3781270496547222,0.2947481809824239,10.746403189492412,1.4329306924773846,1.1809724500053562,0.4127933799754828,0.632100332994014,2.410152841999661,1.8305254239821809,,,0.2991750060173217,0.3821111079887487,2.7172642325167544,0.8893927585158963,0.0274276123634205,1.213348111948662,1.3166453797492423,3.0551904167186765
CMIP6.CMIP.AWI.AWI-CM-1-1-MR.historical.r1i1p1f1.Amon.tas.gn.v20200720,/global/cfs/projectdirs/m4931/gsharing/css03_data/CMIP6/CMIP/AWI/AWI-CM-1-1-MR/historical/r1i1p1f1/Amon/tas/gn/v20200720,/global/cfs/projectdirs/m4931/sasha-tmp/kerchunk/tas/historical/mon/CMIP6.CMIP.AWI.AWI-CM-1-1-MR.historical.r1i1p1f1.Amon.tas.gn.v20200720.kerchunk.json,tas,True,ok,,,/global/cfs/projectdirs/m4931/sasha-tmp/kerchunk/tas/historical/mon/CMIP6.CMIP.AWI.AWI-CM-1-1-MR.historical.r1i1p1f1.Amon.tas.gn.v20200720.kerchunk.json,165.0,0.4209295688197016,0.3192865389864892,47.23864521147334,1.5029180709971115,1.4644527700147592,0.3963292819971684,0.6755426384916063,2.410823022015393,9.135291037004208,,,0.2792474885063711,13.590897023997968,2.7663713585061487,8.296645417489344,0.0067590113466874,1.0262659894330115,0.263902158371299,0.3334325163125126
CMIP6.ScenarioMIP.EC-Earth-Consortium.EC-Earth3-Veg.ssp585.r13i1p1f1.Amon.tas.gr.v20201020,/global/cfs/projectdirs/m4931/gsharing/css03_data/CMIP6/ScenarioMIP/EC-Earth-Consortium/EC-Earth3-Veg/ssp585/r13i1p1f1/Amon/tas/gr/v20201020,/global/cfs/projectdirs/m4931/sasha-tmp/kerchunk/tas/ssp585/mon/CMIP6.ScenarioMIP.EC-Earth-Consortium.EC-Earth3-Veg.ssp585.r13i1p1f1.Amon.tas.gr.v20201020.kerchunk.json,tas,True,ok,,,/global/cfs/projectdirs/m4931/sasha-tmp/kerchunk/tas/ssp585/mon/CMIP6.ScenarioMIP.EC-Earth-Consortium.EC-Earth3-Veg.ssp585.r13i1p1f1.Amon.tas.gr.v20201020.kerchunk.json,286.0,1.247496796771884,0.2914186424750369,84.3291080709896,1.8318067634827455,2.0048822759999894,0.3677567625127267,0.7692879235255532,2.774764606001554,15.135055621009087,,,0.234969662502408,25.26485527251498,3.092651537474012,15.448915292479796,0.0034557301641292,0.9136729799105447,0.1833336246316717,0.2001856751055816
CMIP6.CMIP.EC-Earth-Consortium.EC-Earth3-CC.piControl.r1i1p1f1.Amon.tas.gr.v20210330,/global/cfs/projectdirs/m4931/gsharing/css03_data/CMIP6/CMIP/EC-Earth-Consortium/EC-Earth3-CC/piControl/r1i1p1f1/Amon/tas/gr/v20210330,/global/cfs/projectdirs/m4931/sasha-tmp/kerchunk/tas/piControl/mon/CMIP6.CMIP.EC-Earth-Consortium.EC-Earth3-CC.piControl.r1i1p1f1.Amon.tas.gr.v20210330.kerchunk.json,tas,True,ok,,,/global/cfs/projectdirs/m4931/sasha-tmp/kerchunk/tas/piControl/mon/CMIP6.CMIP.EC-Earth-Consortium.EC-Earth3-CC.piControl.r1i1p1f1.Amon.tas.gr.v20210330.kerchunk.json,505.0,2.22530088480562,0.3108884670073166,162.13043449350516,2.2130041170166805,2.300458190497011,0.3956226194859482,0.9328833369945642,3.286426565493457,29.880462011991767,,,0.2628319714858662,60.13144426600775,3.7452127854630817,29.153220763459103,0.0019175207170605,0.9619840630698722,0.1099858015640632,0.1284665188745582
CMIP6.HighResMIP.EC-Earth-Consortium.EC-Earth3P.hist-1950.r3i1p2f1.Amon.pr.gr.v20190215,/global/cfs/projectdirs/m4931/gsharing/css03_data/CMIP6/HighResMIP/EC-Earth-Consortium/EC-Earth3P/hist-1950/r3i1p2f1/Amon/pr/gr/v20190215,/global/cfs/projectdirs/m4931/sasha-tmp/kerchunk/pr/hist-1950/mon/CMIP6.HighResMIP.EC-Earth-Consortium.EC-Earth3P.hist-1950.r3i1p2f1.Amon.pr.gr.v20190215.kerchunk.json,pr,True,ok,,,/global/cfs/projectdirs/m4931/sasha-tmp/kerchunk/pr/hist-1950/mon/CMIP6.HighResMIP.EC-Earth-Consortium.EC-Earth3P.hist-1950.r3i1p2f1.Amon.pr.gr.v20190215.kerchunk.json,780.0,0.3240789845585823,0.3156181999947876,167.98873459050083,11.949947626009816,11.837962217483437,0.4034655559808016,0.7596815020078793,16.416566639498342,44.52890319153085,,,0.4257382774958387,60.162086731987074,14.999461877014255,76.2709712505166,0.0018788057470886,1.0094598552072576,0.3686721536545881,0.1966601661298847
CMIP6.HighResMIP.EC-Earth-Consortium.EC-Earth3P.highres-future.r3i1p2f1.Amon.pr.gr.v20190215,/global/cfs/projectdirs/m4931/gsharing/css03_data/CMIP6/HighResMIP/EC-Earth-Consortium/EC-Earth3P/highres-future/r3i1p2f1/Amon/pr/gr/v20190215,/global/cfs/projectdirs/m4931/sasha-tmp/kerchunk/pr/highres-future/mon/CMIP6.HighResMIP.EC-Earth-Consortium.EC-Earth3P.highres-future.r3i1p2f1.Amon.pr.gr.v20190215.kerchunk.json,pr,True,ok,,,/global/cfs/projectdirs/m4931/sasha-tmp/kerchunk/pr/highres-future/mon/CMIP6.HighResMIP.EC-Earth-Consortium.EC-Earth3P.highres-future.r3i1p2f1.Amon.pr.gr.v20190215.kerchunk.json,1020.0,0.4238739460706711,0.3645531044749077,207.21107435849265,13.51668152952334,12.638013980526011,0.4302128849958535,0.9375692440371496,17.398985572508536,54.93084249002277,,,0.4759247680194676,77.20634041901212,15.9508565539727,93.81371331599075,0.0017593321476833,1.0695257617495335,0.3167434684015407,0.1700269181355796
CMIP6.HighResMIP.EC-Earth-Consortium.EC-Earth3P.control-1950.r3i1p2f1.Amon.pr.gr.v20190215,/global/cfs/projectdirs/m4931/gsharing/css03_data/CMIP6/HighResMIP/EC-Earth-Consortium/EC-Earth3P/control-1950/r3i1p2f1/Amon/pr/gr/v20190215,/global/cfs/projectdirs/m4931/sasha-tmp/kerchunk/pr/control-1950/mon/CMIP6.HighResMIP.EC-Earth-Consortium.EC-Earth3P.control-1950.r3i1p2f1.Amon.pr.gr.v20190215.kerchunk.json,pr,True,ok,,,/global/cfs/projectdirs/m4931/sasha-tmp/kerchunk/pr/control-1950/mon/CMIP6.HighResMIP.EC-Earth-Consortium.EC-Earth3P.control-1950.r3i1p2f1.Amon.pr.gr.v20190215.kerchunk.json,1344.0,0.5584470191970468,0.3234261534817051,269.2308854869916,17.160593960026745,12.081673823005984,0.3917926815338433,0.9985039159946608,21.687091093015624,68.96293542598141,,,0.2489824499934911,97.56869876547717,20.298346189025324,112.24872830501408,0.0012012966227729,1.420382159908129,0.3144745936212734,0.1808336405724661
CMIP6.CMIP.EC-Earth-Consortium.EC-Earth3-Veg.piControl.r1i1p1f1.Amon.tas.gr.v20210419,/global/cfs/projectdirs/m4931/gsharing/css03_data/CMIP6/CMIP/EC-Earth-Consortium/EC-Earth3-Veg/piControl/r1i1p1f1/Amon/tas/gr/v20210419,/global/cfs/projectdirs/m4931/sasha-tmp/kerchunk/tas/piControl/mon/CMIP6.CMIP.EC-Earth-Consortium.EC-Earth3-Veg.piControl.r1i1p1f1.Amon.tas.gr.v20210419.kerchunk.json,tas,True,ok,,,/global/cfs/projectdirs/m4931/sasha-tmp/kerchunk/tas/piControl/mon/CMIP6.CMIP.EC-Earth-Consortium.EC-Earth3-Veg.piControl.r1i1p1f1.Amon.tas.gr.v20210419.kerchunk.json,2000.0,8.819599215872586,0.5092909194995627,606.6603646330009,5.176878547500564,2.0325897920010902,0.3517510219999167,1.4471200164998663,6.311781057000189,96.72965853749974,,,0.2422478115004196,173.36946116249965,8.42375526449996,100.31539635650006,0.0008394992473385,2.546937197005163,0.0652517661328584,0.0839727057904819
CMIP6.CMIP.EC-Earth-Consortium.EC-Earth3.piControl.r2i1p1f1.Amon.tas.gr.v20210601,/global/cfs/projectdirs/m4931/gsharing/css03_data/CMIP6/CMIP/EC-Earth-Consortium/EC-Earth3/piControl/r2i1p1f1/Amon/tas/gr/v20210601,/global/cfs/projectdirs/m4931/sasha-tmp/kerchunk/tas/piControl/mon/CMIP6.CMIP.EC-Earth-Consortium.EC-Earth3.piControl.r2i1p1f1.Amon.tas.gr.v20210601.kerchunk.json,tas,True,failed,,"TypeError: Cannot combine along dimension 'time' with mixed types. Found: DatetimeProlepticGregorian, DatetimeGregorian. If importing data directly from a file then setting `use_cftime=True` may fix this issue.",,,,,,,,,,,,,,,,,,,,,
