frequency,json,num_netcdf_files,timesteps,dims,kerchunk_time,netcdf_time
Amon,/global/cfs/projectdirs/m4931/kerchunk/tas/historical/mon/CMIP6.CMIP.CNRM-CERFACS.CNRM-CM6-1.historical.r14i1p1f2.Amon.tas.gr.v20191004.kerchunk.json,1,1980,"{'time': 1980, 'lat': 128, 'lon': 256, 'axis_nbounds': 2}",0.5189495849772356,0.1653154970263131
Amon,/global/cfs/projectdirs/m4931/kerchunk/tas/ssp119/mon/CMIP6.ScenarioMIP.IPSL.IPSL-CM6A-LR.ssp119.r6i1p1f1.Amon.tas.gr.v20191122.kerchunk.json,1,1032,"{'time': 1032, 'lat': 143, 'lon': 144, 'axis_nbounds': 2}",0.7038835160201415,0.23787276598159224
Amon,/global/cfs/projectdirs/m4931/kerchunk/pr/highresSST-present/mon/CMIP6.HighResMIP.ECMWF.ECMWF-IFS-HR.highresSST-present.r5i1p1f1.Amon.pr.gr.v20181119.kerchunk.json,50,618,"{'lat': 361, 'bnds': 2, 'lon': 720, 'time': 618}",0.6667745240265504,4.4315251360530965
Amon,/global/cfs/projectdirs/m4931/kerchunk/tas/ssp126/mon/CMIP6.ScenarioMIP.EC-Earth-Consortium.EC-Earth3.ssp126.r139i1p1f1.Amon.tas.gr.v20210615.kerchunk.json,86,1032,"{'lat': 256, 'bnds': 2, 'lon': 512, 'time': 1032}",0.668246157001704,7.595435937982984
Amon,/global/cfs/projectdirs/m4931/kerchunk/tas/ssp119/mon/CMIP6.ScenarioMIP.EC-Earth-Consortium.EC-Earth3.ssp119.r114i1p1f1.Amon.tas.gr.v20200412.kerchunk.json,86,1032,"{'lat': 256, 'bnds': 2, 'lon': 512, 'time': 1032}",0.28697894798824564,7.761698250018526
Amon,/global/cfs/projectdirs/m4931/kerchunk/ta/piControl/mon/CMIP6.CMIP.E3SM-Project.E3SM-1-0.piControl.r1i1p1f1.Amon.ta.gr.v20220109.kerchunk.json,20,6000,"{'lat': 180, 'bnds': 2, 'lon': 360, 'time': 6000, 'plev': 19}",0.3180044619948603,4.84777876897715
Amon,/global/cfs/projectdirs/m4931/kerchunk/tas/ssp370/mon/CMIP6.ScenarioMIP.IPSL.IPSL-CM6A-LR.ssp370.r1i1p1f1.Amon.tas.gr.v20190119.kerchunk.json,1,1032,"{'time': 1032, 'lat': 143, 'lon': 144, 'axis_nbounds': 2}",0.29224794800393283,0.23170965898316354
Amon,/global/cfs/projectdirs/m4931/kerchunk/pr/highresSST-present/mon/CMIP6.HighResMIP.MIROC.NICAM16-9S.highresSST-present.r1i1p1f1.Amon.pr.gr.v20190830.kerchunk.json,11,132,"{'lat': 1280, 'bnds': 2, 'lon': 2560, 'time': 132}",0.20403894799528643,1.316005090950057
Amon,/global/cfs/projectdirs/m4931/kerchunk/pr/highresSST-present/mon/CMIP6.HighResMIP.IPSL.IPSL-CM6A-ATM-HR.highresSST-present.r1i1p1f1.Amon.pr.gr.v20190122.kerchunk.json,1,780,"{'time': 780, 'lat': 361, 'lon': 512, 'axis_nbounds': 2}",0.2387456739670597,0.5606939650024287
Amon,/global/cfs/projectdirs/m4931/kerchunk/ta/historical/mon/CMIP6.CMIP.EC-Earth-Consortium.EC-Earth3.historical.r143i1p1f1.Amon.ta.gr.v20200412.kerchunk.json,45,540,"{'lat': 256, 'bnds': 2, 'lon': 512, 'time': 540, 'plev': 19}",0.32296291302191094,6.0814905549632385
Amon,/global/cfs/projectdirs/m4931/kerchunk/tas/historical/mon/CMIP6.CMIP.EC-Earth-Consortium.EC-Earth3-CC.historical.r6i1p1f1.Amon.tas.gr.v20210701.kerchunk.json,165,1980,"{'lat': 256, 'bnds': 2, 'lon': 512, 'time': 1980}",0.3280061630066484,14.50343892001547
Amon,/global/cfs/projectdirs/m4931/kerchunk/tas/ssp585/mon/CMIP6.ScenarioMIP.EC-Earth-Consortium.EC-Earth3.ssp585.r133i1p1f1.Amon.tas.gr.v20200412.kerchunk.json,86,1032,"{'lat': 256, 'bnds': 2, 'lon': 512, 'time': 1032}",0.34856096300063655,8.107671950012445
Amon,/global/cfs/projectdirs/m4931/kerchunk/tas/ssp534-over/mon/CMIP6.ScenarioMIP.EC-Earth-Consortium.EC-Earth3.ssp534-over.r135i1p1f1.Amon.tas.gr.v20200412.kerchunk.json,61,732,"{'lat': 256, 'bnds': 2, 'lon': 512, 'time': 732}",0.2606616289704107,5.670413259009365
Amon,/global/cfs/projectdirs/m4931/kerchunk/tas/ssp119/mon/CMIP6.ScenarioMIP.EC-Earth-Consortium.EC-Earth3.ssp119.r104i1p1f1.Amon.tas.gr.v20200412.kerchunk.json,86,1032,"{'lat': 256, 'bnds': 2, 'lon': 512, 'time': 1032}",0.3099983300198801,7.337777906970587
Amon,/global/cfs/projectdirs/m4931/kerchunk/tas/historical/mon/CMIP6.CMIP.IPSL.IPSL-CM6A-LR.historical.r5i1p1f1.Amon.tas.gr.v20180803.kerchunk.json,1,1980,"{'time': 1980, 'lat': 143, 'lon': 144, 'axis_nbounds': 2}",0.3330912009696476,0.3308582790195942
Amon,/global/cfs/projectdirs/m4931/kerchunk/tas/ssp119/mon/CMIP6.ScenarioMIP.EC-Earth-Consortium.EC-Earth3.ssp119.r133i1p1f1.Amon.tas.gr.v20200412.kerchunk.json,86,1032,"{'lat': 256, 'bnds': 2, 'lon': 512, 'time': 1032}",0.22632390301441774,7.9635645800153725
Amon,/global/cfs/projectdirs/m4931/kerchunk/pr/highresSST-present/mon/CMIP6.HighResMIP.ECMWF.ECMWF-IFS-LR.highresSST-present.r2i1p1f1.Amon.pr.gr.v20181119.kerchunk.json,44,528,"{'lat': 181, 'bnds': 2, 'lon': 360, 'time': 528}",0.23738229199079797,4.562549269001465
Amon,/global/cfs/projectdirs/m4931/kerchunk/tas/ssp370/mon/CMIP6.ScenarioMIP.EC-Earth-Consortium.EC-Earth3.ssp370.r6i1p1f1.Amon.tas.gr.v20200201.kerchunk.json,86,1032,"{'lat': 256, 'bnds': 2, 'lon': 512, 'time': 1032}",0.26101816399022937,8.690224054036662
Amon,/global/cfs/projectdirs/m4931/kerchunk/tas/ssp119/mon/CMIP6.ScenarioMIP.EC-Earth-Consortium.EC-Earth3.ssp119.r108i1p1f1.Amon.tas.gr.v20200412.kerchunk.json,86,1032,"{'lat': 256, 'bnds': 2, 'lon': 512, 'time': 1032}",0.2789687959593721,8.46587511501275
Amon,/global/cfs/projectdirs/m4931/kerchunk/pr/highres-future/mon/CMIP6.HighResMIP.CNRM-CERFACS.CNRM-CM6-1.highres-future.r3i1p1f2.Amon.pr.gr.v20200224.kerchunk.json,4,432,"{'time': 432, 'lat': 128, 'lon': 256, 'axis_nbounds': 2}",0.22123208199627697,0.40617933101020753
Amon,/global/cfs/projectdirs/m4931/kerchunk/tas/ssp434/mon/CMIP6.ScenarioMIP.EC-Earth-Consortium.EC-Earth3.ssp434.r139i1p1f1.Amon.tas.gr.v20200412.kerchunk.json,86,1032,"{'lat': 256, 'bnds': 2, 'lon': 512, 'time': 1032}",0.2579568619839847,8.307338741025887
Amon,/global/cfs/projectdirs/m4931/kerchunk/tas/ssp370/mon/CMIP6.ScenarioMIP.IPSL.IPSL-CM6A-LR.ssp370.r2i1p1f1.Amon.tas.gr.v20190119.kerchunk.json,1,1032,"{'time': 1032, 'lat': 143, 'lon': 144, 'axis_nbounds': 2}",0.5770673670340329,0.2571158250211738
Amon,/global/cfs/projectdirs/m4931/kerchunk/tas/historical/mon/CMIP6.CMIP.EC-Earth-Consortium.EC-Earth3.historical.r122i1p1f1.Amon.tas.gr.v20200412.kerchunk.json,45,540,"{'lat': 256, 'bnds': 2, 'lon': 512, 'time': 540}",0.2528281730483286,4.49323522701161
Amon,/global/cfs/projectdirs/m4931/kerchunk/ta/historical/mon/CMIP6.CMIP.EC-Earth-Consortium.EC-Earth3.historical.r19i1p1f1.Amon.ta.gr.v20210305.kerchunk.json,165,1980,"{'lat': 256, 'bnds': 2, 'lon': 512, 'time': 1980, 'plev': 19}",0.33343812701059505,25.393940028967336
Amon,/global/cfs/projectdirs/m4931/kerchunk/tas/ssp126/mon/CMIP6.ScenarioMIP.EC-Earth-Consortium.EC-Earth3.ssp126.r144i1p1f1.Amon.tas.gr.v20210615.kerchunk.json,86,1032,"{'lat': 256, 'bnds': 2, 'lon': 512, 'time': 1032}",0.21017075498821214,8.087060266989283
Amon,/global/cfs/projectdirs/m4931/kerchunk/tas/historical/mon/CMIP6.CMIP.EC-Earth-Consortium.EC-Earth3.historical.r115i1p1f1.Amon.tas.gr.v20200412.kerchunk.json,45,540,"{'lat': 256, 'bnds': 2, 'lon': 512, 'time': 540}",0.23644811200210825,4.118061106011737
Amon,/global/cfs/projectdirs/m4931/kerchunk/tas/ssp245/mon/CMIP6.ScenarioMIP.EC-Earth-Consortium.EC-Earth3.ssp245.r13i1p1f2.Amon.tas.gr.v20210407.kerchunk.json,36,432,"{'lat': 256, 'bnds': 2, 'lon': 512, 'time': 432}",0.2437869610148482,3.382462433015462
Amon,/global/cfs/projectdirs/m4931/kerchunk/tas/ssp245/mon/CMIP6.ScenarioMIP.EC-Earth-Consortium.EC-Earth3.ssp245.r146i1p1f1.Amon.tas.gr.v20210401.kerchunk.json,86,1032,"{'lat': 256, 'bnds': 2, 'lon': 512, 'time': 1032}",0.24370872497092932,7.664286275045015
Amon,/global/cfs/projectdirs/m4931/kerchunk/tas/ssp370/mon/CMIP6.ScenarioMIP.E3SM-Project.E3SM-2-0.ssp370.r18i1p1f1.Amon.tas.gr.v20230913.kerchunk.json,2,1032,"{'lat': 180, 'bnds': 2, 'lon': 360, 'time': 1032}",0.20633215899579227,0.43184825498610735
Amon,/global/cfs/projectdirs/m4931/kerchunk/tas/ssp119/mon/CMIP6.ScenarioMIP.EC-Earth-Consortium.EC-Earth3-Veg-LR.ssp119.r3i1p1f1.Amon.tas.gr.v20201201.kerchunk.json,86,1032,"{'lat': 160, 'bnds': 2, 'lon': 320, 'time': 1032}",0.273128301021643,6.825704343034886
Amon,/global/cfs/projectdirs/m4931/kerchunk/tas/ssp245/mon/CMIP6.ScenarioMIP.EC-Earth-Consortium.EC-Earth3.ssp245.r4i1p1f2.Amon.tas.gr.v20210407.kerchunk.json,31,372,"{'lat': 256, 'bnds': 2, 'lon': 512, 'time': 372}",0.2553098580101505,3.4015141939744353
Amon,/global/cfs/projectdirs/m4931/kerchunk/tas/ssp245/mon/CMIP6.ScenarioMIP.EC-Earth-Consortium.EC-Earth3.ssp245.r16i1p1f1.Amon.tas.gr.v20201230.kerchunk.json,86,1032,"{'lat': 256, 'bnds': 2, 'lon': 512, 'time': 1032}",0.2732004649587907,7.476039634027984
Amon,/global/cfs/projectdirs/m4931/kerchunk/tas/ssp126/mon/CMIP6.ScenarioMIP.EC-Earth-Consortium.EC-Earth3.ssp126.r118i1p1f1.Amon.tas.gr.v20210615.kerchunk.json,86,1032,"{'lat': 256, 'bnds': 2, 'lon': 512, 'time': 1032}",0.22388432500883937,6.936869703000411
Amon,/global/cfs/projectdirs/m4931/kerchunk/pr/hist-1950/mon/CMIP6.HighResMIP.ECMWF.ECMWF-IFS-LR.hist-1950.r6i1p1f1.Amon.pr.gr.v20181119.kerchunk.json,50,618,"{'lat': 181, 'bnds': 2, 'lon': 360, 'time': 618}",0.23767116200178862,3.715690222044941
Amon,/global/cfs/projectdirs/m4931/kerchunk/tas/ssp460/mon/CMIP6.ScenarioMIP.EC-Earth-Consortium.EC-Earth3.ssp460.r103i1p1f1.Amon.tas.gr.v20210901.kerchunk.json,86,1032,"{'lat': 256, 'bnds': 2, 'lon': 512, 'time': 1032}",0.26233795698499307,7.4980492779868655
Amon,/global/cfs/projectdirs/m4931/kerchunk/tas/historical/mon/CMIP6.CMIP.CNRM-CERFACS.CNRM-ESM2-1.historical.r11i1p1f2.Amon.tas.gr.v20200408.kerchunk.json,1,1980,"{'time': 1980, 'lat': 128, 'lon': 256, 'axis_nbounds': 2}",0.2856509610428475,0.39062750502489507
Amon,/global/cfs/projectdirs/m4931/kerchunk/tas/ssp370/mon/CMIP6.ScenarioMIP.E3SM-Project.E3SM-2-0.ssp370.r15i1p1f1.Amon.tas.gr.v20230914.kerchunk.json,2,1032,"{'lat': 180, 'bnds': 2, 'lon': 360, 'time': 1032}",0.24383248598314822,0.411430959997233
Amon,/global/cfs/projectdirs/m4931/kerchunk/tas/ssp585/mon/CMIP6.ScenarioMIP.EC-Earth-Consortium.EC-Earth3.ssp585.r116i1p1f1.Amon.tas.gr.v20200412.kerchunk.json,86,1032,"{'lat': 256, 'bnds': 2, 'lon': 512, 'time': 1032}",0.22088101698318496,7.679937405977398
Amon,/global/cfs/projectdirs/m4931/kerchunk/ta/historical/mon/CMIP6.CMIP.EC-Earth-Consortium.EC-Earth3.historical.r17i1p1f1.Amon.ta.gr.v20210120.kerchunk.json,165,1980,"{'lat': 256, 'bnds': 2, 'lon': 512, 'time': 1980, 'plev': 19}",0.550130240037106,23.493111508025322
Amon,/global/cfs/projectdirs/m4931/kerchunk/ta/historical/mon/CMIP6.CMIP.EC-Earth-Consortium.EC-Earth3.historical.r25i1p1f1.Amon.ta.gr.v20210604.kerchunk.json,165,1980,"{'lat': 256, 'bnds': 2, 'lon': 512, 'time': 1980, 'plev': 19}",0.4446063860086724,23.778928557992913
day,/global/cfs/projectdirs/m4931/kerchunk/tas/historical/day/CMIP6.CMIP.IPSL.IPSL-CM6A-LR.historical.r22i1p1f1.day.tas.gr.v20190614.kerchunk.json,1,60265,"{'time': 60265, 'lat': 143, 'lon': 144, 'axis_nbounds': 2}",4.506036836013664,13.143884715042077
day,/global/cfs/projectdirs/m4931/kerchunk/pr/highresSST-future/day/CMIP6.HighResMIP.CNRM-CERFACS.CNRM-CM6-1-HR.highresSST-future.r8i1p1f2.day.pr.gr.v20200612.kerchunk.json,4,13149,"{'time': 13149, 'lat': 360, 'lon': 720, 'axis_nbounds': 2}",0.7844278469565324,20.654542917967774
day,/global/cfs/projectdirs/m4931/kerchunk/pr/control-1950/day/CMIP6.HighResMIP.ECMWF.ECMWF-IFS-HR.control-1950.r1i1p1f1.day.pr.gr.v20170915.kerchunk.json,40,12784,"{'lat': 361, 'bnds': 2, 'lon': 720, 'time': 12784}",0.8944984800182283,11.890860969026107
day,/global/cfs/projectdirs/m4931/kerchunk/pr/highresSST-present/day/CMIP6.HighResMIP.EC-Earth-Consortium.EC-Earth3P.highresSST-present.r2i1p1f1.day.pr.gr.v20190930.kerchunk.json,65,23741,"{'lat': 256, 'bnds': 2, 'lon': 512, 'time': 23741}",2.220426453044638,22.726087859016843
day,/global/cfs/projectdirs/m4931/kerchunk/pr/highresSST-present/day/CMIP6.HighResMIP.CNRM-CERFACS.CNRM-CM6-1.highresSST-present.r5i1p1f2.day.pr.gr.v20200224.kerchunk.json,7,23741,"{'time': 23741, 'lat': 128, 'lon': 256, 'axis_nbounds': 2}",0.8783251009881496,10.468217574991286
day,/global/cfs/projectdirs/m4931/kerchunk/pr/highresSST-present/day/CMIP6.HighResMIP.CNRM-CERFACS.CNRM-CM6-1.highresSST-present.r10i1p1f2.day.pr.gr.v20200224.kerchunk.json,7,23741,"{'time': 23741, 'lat': 128, 'lon': 256, 'axis_nbounds': 2}",0.6730643650516868,8.684662182000466
day,/global/cfs/projectdirs/m4931/kerchunk/pr/highresSST-future/day/CMIP6.HighResMIP.CNRM-CERFACS.CNRM-CM6-1.highresSST-future.r5i1p1f2.day.pr.gr.v20200224.kerchunk.json,4,13149,"{'time': 13149, 'lat': 128, 'lon': 256, 'axis_nbounds': 2}",0.7495290570077486,4.435931303014513
day,/global/cfs/projectdirs/m4931/kerchunk/pr/highresSST-future/day/CMIP6.HighResMIP.CNRM-CERFACS.CNRM-CM6-1-HR.highresSST-future.r6i1p1f2.day.pr.gr.v20200612.kerchunk.json,4,13149,"{'time': 13149, 'lat': 360, 'lon': 720, 'axis_nbounds': 2}",1.0252088609850034,20.003568312036805
day,/global/cfs/projectdirs/m4931/kerchunk/tas/historical/day/CMIP6.CMIP.IPSL.IPSL-CM6A-LR.historical.r31i1p1f1.day.tas.gr.v20190614.kerchunk.json,1,60265,"{'time': 60265, 'lat': 143, 'lon': 144, 'axis_nbounds': 2}",1.2715382119640708,13.968560862005688
day,/global/cfs/projectdirs/m4931/kerchunk/tas/historical/day/CMIP6.CMIP.CNRM-CERFACS.CNRM-ESM2-1.historical.r3i1p1f2.day.tas.gr.v20190125.kerchunk.json,1,60265,"{'time': 60265, 'lat': 128, 'lon': 256, 'axis_nbounds': 2}",1.391777615994215,17.191864651045762
day,/global/cfs/projectdirs/m4931/kerchunk/pr/highresSST-future/day/CMIP6.HighResMIP.CNRM-CERFACS.CNRM-CM6-1-HR.highresSST-future.r2i1p1f2.day.pr.gr.v20200609.kerchunk.json,4,13149,"{'time': 13149, 'lat': 360, 'lon': 720, 'axis_nbounds': 2}",1.5279813699889928,21.720298252999783
day,/global/cfs/projectdirs/m4931/kerchunk/tas/historical/day/CMIP6.CMIP.IPSL.IPSL-CM6A-LR.historical.r11i1p1f1.day.tas.gr.v20190614.kerchunk.json,1,60265,"{'time': 60265, 'lat': 143, 'lon': 144, 'axis_nbounds': 2}",1.0340796490199864,17.658466952037998
day,/global/cfs/projectdirs/m4931/kerchunk/pr/hist-1950/day/CMIP6.HighResMIP.ECMWF.ECMWF-IFS-HR.hist-1950.r2i1p1f1.day.pr.gr.v20181119.kerchunk.json,41,12784,"{'lat': 361, 'bnds': 2, 'lon': 720, 'time': 12784}",0.7299998379894532,11.487749352992978
day,/global/cfs/projectdirs/m4931/kerchunk/pr/control-1950/day/CMIP6.HighResMIP.ECMWF.ECMWF-IFS-MR.control-1950.r1i1p1f1.day.pr.gr.v20181121.kerchunk.json,39,12784,"{'lat': 181, 'bnds': 2, 'lon': 360, 'time': 12784}",0.8108414050075226,9.848889489017893
day,/global/cfs/projectdirs/m4931/kerchunk/pr/control-1950/day/CMIP6.HighResMIP.ECMWF.ECMWF-IFS-LR.control-1950.r1i1p1f1.day.pr.gr.v20180221.kerchunk.json,42,12784,"{'lat': 181, 'bnds': 2, 'lon': 360, 'time': 12784}",0.5760522569762543,10.560418760986067
day,/global/cfs/projectdirs/m4931/kerchunk/pr/highresSST-future/day/CMIP6.HighResMIP.CNRM-CERFACS.CNRM-CM6-1-HR.highresSST-future.r3i1p1f2.day.pr.gr.v20200612.kerchunk.json,4,13149,"{'time': 13149, 'lat': 360, 'lon': 720, 'axis_nbounds': 2}",0.5473525659763254,20.687793340010103
day,/global/cfs/projectdirs/m4931/kerchunk/pr/highresSST-present/day/CMIP6.HighResMIP.CNRM-CERFACS.CNRM-CM6-1-HR.highresSST-present.r8i1p1f2.day.pr.gr.v20200615.kerchunk.json,7,23741,"{'time': 23741, 'lat': 360, 'lon': 720, 'axis_nbounds': 2}",0.9786593499593437,36.83682012098143
day,/global/cfs/projectdirs/m4931/kerchunk/pr/highresSST-present/day/CMIP6.HighResMIP.CNRM-CERFACS.CNRM-CM6-1.highresSST-present.r2i1p1f2.day.pr.gr.v20190926.kerchunk.json,7,23741,"{'time': 23741, 'lat': 128, 'lon': 256, 'axis_nbounds': 2}",0.8005197090096772,8.485828360018786
day,/global/cfs/projectdirs/m4931/kerchunk/tas/historical/day/CMIP6.CMIP.CNRM-CERFACS.CNRM-CM6-1.historical.r2i1p1f2.day.tas.gr.v20181126.kerchunk.json,1,60265,"{'time': 60265, 'lat': 128, 'lon': 256, 'axis_nbounds': 2}",1.504118898010347,15.36918048595544
day,/global/cfs/projectdirs/m4931/kerchunk/tas/historical/day/CMIP6.CMIP.IPSL.IPSL-CM6A-LR.historical.r14i1p1f1.day.tas.gr.v20190614.kerchunk.json,1,60265,"{'time': 60265, 'lat': 143, 'lon': 144, 'axis_nbounds': 2}",1.1834199709701352,13.526268339017406
day,/global/cfs/projectdirs/m4931/kerchunk/tas/historical/day/CMIP6.CMIP.IPSL.IPSL-CM6A-LR.historical.r7i1p1f1.day.tas.gr.v20190614.kerchunk.json,1,60265,"{'time': 60265, 'lat': 143, 'lon': 144, 'axis_nbounds': 2}",1.265430957020726,12.639050273050088
day,/global/cfs/projectdirs/m4931/kerchunk/tas/historical/day/CMIP6.CMIP.E3SM-Project.E3SM-1-0.historical.r2i1p1f1.day.tas.gr.v20210913.kerchunk.json,17,60225,"{'lat': 180, 'bnds': 2, 'lon': 360, 'time': 60225}",1.0594613199937157,17.58685775200138
day,/global/cfs/projectdirs/m4931/kerchunk/pr/highresSST-present/day/CMIP6.HighResMIP.CNRM-CERFACS.CNRM-CM6-1-HR.highresSST-present.r3i1p1f2.day.pr.gr.v20200615.kerchunk.json,7,23741,"{'time': 23741, 'lat': 360, 'lon': 720, 'axis_nbounds': 2}",0.7648490410065278,36.86425005696947
day,/global/cfs/projectdirs/m4931/kerchunk/tas/historical/day/CMIP6.CMIP.IPSL.IPSL-CM6A-LR.historical.r30i1p1f1.day.tas.gr.v20190614.kerchunk.json,1,60265,"{'time': 60265, 'lat': 143, 'lon': 144, 'axis_nbounds': 2}",1.0940239500487223,11.264641748042777
day,/global/cfs/projectdirs/m4931/kerchunk/pr/hist-1950/day/CMIP6.HighResMIP.ECMWF.ECMWF-IFS-HR.hist-1950.r1i1p1f1.day.pr.gr.v20170915.kerchunk.json,42,12784,"{'lat': 361, 'bnds': 2, 'lon': 720, 'time': 12784}",0.6288319639861584,7.911289946001489
day,/global/cfs/projectdirs/m4931/kerchunk/pr/highresSST-present/day/CMIP6.HighResMIP.CNRM-CERFACS.CNRM-CM6-1-HR.highresSST-present.r9i1p1f2.day.pr.gr.v20200615.kerchunk.json,7,23741,"{'time': 23741, 'lat': 360, 'lon': 720, 'axis_nbounds': 2}",0.7104841169784777,33.64148813002976
day,/global/cfs/projectdirs/m4931/kerchunk/pr/hist-1950/day/CMIP6.HighResMIP.ECMWF.ECMWF-IFS-LR.hist-1950.r2i1p1f1.day.pr.gr.v20181119.kerchunk.json,42,12784,"{'lat': 181, 'bnds': 2, 'lon': 360, 'time': 12784}",0.5402768719941378,7.6725873030372895
day,/global/cfs/projectdirs/m4931/kerchunk/tas/historical/day/CMIP6.CMIP.IPSL.IPSL-CM6A-LR.historical.r10i1p1f1.day.tas.gr.v20190614.kerchunk.json,1,60265,"{'time': 60265, 'lat': 143, 'lon': 144, 'axis_nbounds': 2}",1.0206867170054466,10.725093534972984
day,/global/cfs/projectdirs/m4931/kerchunk/pr/highresSST-present/day/CMIP6.HighResMIP.EC-Earth-Consortium.EC-Earth3P.highresSST-present.r3i1p1f1.day.pr.gr.v20190509.kerchunk.json,65,23741,"{'lat': 256, 'bnds': 2, 'lon': 512, 'time': 23741}",1.9255538120050915,14.93271124403691
day,/global/cfs/projectdirs/m4931/kerchunk/pr/control-1950/day/CMIP6.HighResMIP.CNRM-CERFACS.CNRM-CM6-1.control-1950.r1i1p1f2.day.pr.gr.v20190401.kerchunk.json,10,36525,"{'time': 36525, 'lat': 128, 'lon': 256, 'axis_nbounds': 2}",0.6491147599881515,9.234710185031872
day,/global/cfs/projectdirs/m4931/kerchunk/pr/highresSST-future/day/CMIP6.HighResMIP.EC-Earth-Consortium.EC-Earth3P-HR.highresSST-future.r1i1p1f1.day.pr.gr.v20190514.kerchunk.json,35,12784,"{'lat': 512, 'bnds': 2, 'lon': 1024, 'time': 12784}",3.422270954004489,8.289865665021352
day,/global/cfs/projectdirs/m4931/kerchunk/tas/historical/day/CMIP6.CMIP.IPSL.IPSL-CM6A-LR.historical.r28i1p1f1.day.tas.gr.v20190614.kerchunk.json,1,60265,"{'time': 60265, 'lat': 143, 'lon': 144, 'axis_nbounds': 2}",0.9463076719548553,9.874023205018602
day,/global/cfs/projectdirs/m4931/kerchunk/pr/highresSST-present/day/CMIP6.HighResMIP.IPSL.IPSL-CM6A-ATM-ICO-HR.highresSST-present.r1i1p1f1.day.pr.gr.v20220721.kerchunk.json,3,23741,"{'time': 23741, 'lat': 360, 'lon': 720, 'axis_nbounds': 2}",0.6409300090163015,7.427237689029425
day,/global/cfs/projectdirs/m4931/kerchunk/tas/historical/day/CMIP6.CMIP.IPSL.IPSL-CM6A-LR.historical.r13i1p1f1.day.tas.gr.v20190614.kerchunk.json,1,60265,"{'time': 60265, 'lat': 143, 'lon': 144, 'axis_nbounds': 2}",0.8938095670309849,11.496422456984874
day,/global/cfs/projectdirs/m4931/kerchunk/pr/highresSST-future/day/CMIP6.HighResMIP.CNRM-CERFACS.CNRM-CM6-1.highresSST-future.r9i1p1f2.day.pr.gr.v20200224.kerchunk.json,4,13149,"{'time': 13149, 'lat': 128, 'lon': 256, 'axis_nbounds': 2}",0.44959295802982524,3.168232536991127
day,/global/cfs/projectdirs/m4931/kerchunk/tas/historical/day/CMIP6.CMIP.IPSL.IPSL-CM6A-LR.historical.r24i1p1f1.day.tas.gr.v20190614.kerchunk.json,1,60265,"{'time': 60265, 'lat': 143, 'lon': 144, 'axis_nbounds': 2}",0.9537231280119158,10.468033974000718
day,/global/cfs/projectdirs/m4931/kerchunk/pr/highresSST-present/day/CMIP6.HighResMIP.IPSL.IPSL-CM6A-ATM-HR.highresSST-present.r1i1p1f1.day.pr.gr.v20190122.kerchunk.json,1,23741,"{'time': 23741, 'lat': 361, 'lon': 512, 'axis_nbounds': 2}",0.5714390900102444,6.221062976983376
day,/global/cfs/projectdirs/m4931/kerchunk/tas/historical/day/CMIP6.CMIP.IPSL.IPSL-CM6A-LR.historical.r32i1p1f1.day.tas.gr.v20190802.kerchunk.json,1,60265,"{'time': 60265, 'lat': 143, 'lon': 144, 'axis_nbounds': 2}",1.0330184829654172,9.908099207037594
day,/global/cfs/projectdirs/m4931/kerchunk/tas/historical/day/CMIP6.CMIP.IPSL.IPSL-CM6A-LR.historical.r25i1p1f1.day.tas.gr.v20190614.kerchunk.json,1,60265,"{'time': 60265, 'lat': 143, 'lon': 144, 'axis_nbounds': 2}",0.9934741359902546,9.770839523000177
day,/global/cfs/projectdirs/m4931/kerchunk/pr/hist-1950/day/CMIP6.HighResMIP.CNRM-CERFACS.CNRM-CM6-1.hist-1950.r1i1p1f2.day.pr.gr.v20190401.kerchunk.json,7,23741,"{'time': 23741, 'lat': 128, 'lon': 256, 'axis_nbounds': 2}",0.6316719240276143,6.170336853014305
AERhr,/global/cfs/projectdirs/m4931/kerchunk/tas/historical/hr-misc/CMIP6.CMIP.CNRM-CERFACS.CNRM-CM6-1.historical.r2i1p1f2.AERhr.tas.gr.v20181126.kerchunk.json,33,1446360,"{'time': 1446360, 'lat': 128, 'lon': 256, 'axis_nbounds': 2}",18.647399307985324,227.69796100101667
AERhr,/global/cfs/projectdirs/m4931/kerchunk/tas/historical/hr-misc/CMIP6.CMIP.CNRM-CERFACS.CNRM-CM6-1.historical.r1i1p1f2.AERhr.tas.gr.v20180917.kerchunk.json,33,1446360,"{'time': 1446360, 'lat': 128, 'lon': 256, 'axis_nbounds': 2}",18.37503721995745,244.09991074498976
AERhr,/global/cfs/projectdirs/m4931/kerchunk/tas/historical/hr-misc/CMIP6.CMIP.CNRM-CERFACS.CNRM-CM6-1.historical.r6i1p1f2.AERhr.tas.gr.v20190125.kerchunk.json,33,1446360,"{'time': 1446360, 'lat': 128, 'lon': 256, 'axis_nbounds': 2}",17.28221035003662,253.1814891200047
AERhr,/global/cfs/projectdirs/m4931/kerchunk/tas/historical/hr-misc/CMIP6.CMIP.CNRM-CERFACS.CNRM-CM6-1.historical.r3i1p1f2.AERhr.tas.gr.v20190125.kerchunk.json,33,1446360,"{'time': 1446360, 'lat': 128, 'lon': 256, 'axis_nbounds': 2}",18.039674893021584,262.07441794802435
AERhr,/global/cfs/projectdirs/m4931/kerchunk/tas/historical/hr-misc/CMIP6.CMIP.CNRM-CERFACS.CNRM-ESM2-1.historical.r3i1p1f2.AERhr.tas.gr.v20190125.kerchunk.json,33,1446360,"{'time': 1446360, 'lat': 128, 'lon': 256, 'axis_nbounds': 2}",17.848181637993548,534.0404312509927
AERhr,/global/cfs/projectdirs/m4931/kerchunk/tas/historical/hr-misc/CMIP6.CMIP.CNRM-CERFACS.CNRM-CM6-1.historical.r5i1p1f2.AERhr.tas.gr.v20190125.kerchunk.json,33,1446360,"{'time': 1446360, 'lat': 128, 'lon': 256, 'axis_nbounds': 2}",19.064829235023353,251.5635589750018
AERhr,/global/cfs/projectdirs/m4931/kerchunk/tas/historical/hr-misc/CMIP6.CMIP.CNRM-CERFACS.CNRM-ESM2-1.historical.r2i1p1f2.AERhr.tas.gr.v20190125.kerchunk.json,33,1446360,"{'time': 1446360, 'lat': 128, 'lon': 256, 'axis_nbounds': 2}",18.549400888034143,429.59952429600526
AERhr,/global/cfs/projectdirs/m4931/kerchunk/tas/historical/hr-misc/CMIP6.CMIP.CNRM-CERFACS.CNRM-ESM2-1.historical.r1i1p1f2.AERhr.tas.gr.v20181206.kerchunk.json,33,1446360,"{'time': 1446360, 'lat': 128, 'lon': 256, 'axis_nbounds': 2}",17.961292235006113,256.7459932200145
AERhr,/global/cfs/projectdirs/m4931/kerchunk/tas/historical/hr-misc/CMIP6.CMIP.CNRM-CERFACS.CNRM-CM6-1.historical.r4i1p1f2.AERhr.tas.gr.v20190125.kerchunk.json,33,1446360,"{'time': 1446360, 'lat': 128, 'lon': 256, 'axis_nbounds': 2}",18.505699124012608,254.45235995796975
3hr,/global/cfs/projectdirs/m4931/kerchunk/pr/hist-1950/hr-misc/CMIP6.HighResMIP.CNRM-CERFACS.CNRM-CM6-1.hist-1950.r1i1p1f2.3hr.pr.gr.v20190401.kerchunk.json,7,189928,"{'time': 189928, 'lat': 128, 'lon': 256, 'axis_nbounds': 2}",4.07367804297246,28.071928448043764
3hr,/global/cfs/projectdirs/m4931/kerchunk/pr/highres-future/hr-misc/CMIP6.HighResMIP.CNRM-CERFACS.CNRM-CM6-1-HR.highres-future.r3i1p1f2.3hr.pr.gr.v20200612.kerchunk.json,36,105192,"{'time': 105192, 'lat': 360, 'lon': 720, 'axis_nbounds': 2}",1.4405841280240566,63.563733173999935
3hr,/global/cfs/projectdirs/m4931/kerchunk/pr/control-1950/hr-misc/CMIP6.HighResMIP.CNRM-CERFACS.CNRM-CM6-1.control-1950.r1i1p1f2.3hr.pr.gr.v20190401.kerchunk.json,10,292200,"{'time': 292200, 'lat': 128, 'lon': 256, 'axis_nbounds': 2}",3.6130652659921907,135.5526599760051
3hr,/global/cfs/projectdirs/m4931/kerchunk/pr/highresSST-future/hr-misc/CMIP6.HighResMIP.EC-Earth-Consortium.EC-Earth3P.highresSST-future.r2i1p1f1.3hr.pr.gr.v20191001.kerchunk.json,36,105192,"{'lat': 256, 'bnds': 2, 'lon': 512, 'time': 105192}",6.321281167969573,9.823983324982692
3hr,/global/cfs/projectdirs/m4931/kerchunk/pr/highresSST-future/hr-misc/CMIP6.HighResMIP.EC-Earth-Consortium.EC-Earth3P-HR.highresSST-future.r3i1p1f1.3hr.pr.gr.v20190713.kerchunk.json,36,105192,"{'lat': 512, 'bnds': 2, 'lon': 1024, 'time': 105192}",23.94299657898955,17.204864384024404
3hr,/global/cfs/projectdirs/m4931/kerchunk/pr/highresSST-future/hr-misc/CMIP6.HighResMIP.EC-Earth-Consortium.EC-Earth3P-HR.highresSST-future.r2i1p1f1.3hr.pr.gr.v20190709.kerchunk.json,3,2928,"{'lat': 512, 'bnds': 2, 'lon': 1024, 'time': 2928}",0.9080580550362356,3.5408670250326395
3hr,/global/cfs/projectdirs/m4931/kerchunk/pr/highres-future/hr-misc/CMIP6.HighResMIP.CNRM-CERFACS.CNRM-CM6-1.highres-future.r1i1p1f2.3hr.pr.gr.v20190314.kerchunk.json,4,105192,"{'time': 105192, 'lat': 128, 'lon': 256, 'axis_nbounds': 2}",1.4623193590086885,40.77198301901808
3hr,/global/cfs/projectdirs/m4931/kerchunk/pr/highres-future/hr-misc/CMIP6.HighResMIP.CNRM-CERFACS.CNRM-CM6-1-HR.highres-future.r2i1p1f2.3hr.pr.gr.v20200612.kerchunk.json,36,105192,"{'time': 105192, 'lat': 360, 'lon': 720, 'axis_nbounds': 2}",1.4939644540427253,65.99981317901984
3hr,/global/cfs/projectdirs/m4931/kerchunk/pr/highresSST-present/hr-misc/CMIP6.HighResMIP.IPSL.IPSL-CM6A-LR.highresSST-present.r1i1p1f1.3hr.pr.gr.v20190122.kerchunk.json,1,189928,"{'time': 189928, 'lat': 143, 'lon': 144, 'axis_nbounds': 2}",2.682406823965721,33.62056994700106
3hr,/global/cfs/projectdirs/m4931/kerchunk/pr/highres-future/hr-misc/CMIP6.HighResMIP.CNRM-CERFACS.CNRM-CM6-1-HR.highres-future.r1i1p1f2.3hr.pr.gr.v20240822.kerchunk.json,36,105192,"{'time': 105192, 'lat': 360, 'lon': 720, 'axis_nbounds': 2}",2.888978637987748,60.75998065597378
3hr,/global/cfs/projectdirs/m4931/kerchunk/pr/highresSST-present/hr-misc/CMIP6.HighResMIP.MIROC.NICAM16-9S.highresSST-present.r1i1p1f1.3hr.pr.gr.v20190830.kerchunk.json,11,32144,"{'lat': 1280, 'bnds': 2, 'lon': 2560, 'time': 32144}",1.617210318974685,38.32323121698573
3hr,/global/cfs/projectdirs/m4931/kerchunk/pr/highresSST-present/hr-misc/CMIP6.HighResMIP.EC-Earth-Consortium.EC-Earth3P-HR.highresSST-present.r3i1p1f1.3hr.pr.gr.v20190509.kerchunk.json,65,189928,"{'lat': 512, 'bnds': 2, 'lon': 1024, 'time': 189928}",43.99320786300814,27.50372504297411
3hr,/global/cfs/projectdirs/m4931/kerchunk/pr/control-1950/hr-misc/CMIP6.HighResMIP.EC-Earth-Consortium.EC-Earth3P-HR.control-1950.r1i1p2f1.3hr.pr.gr.v20181119.kerchunk.json,100,292200,"{'lat': 512, 'bnds': 2, 'lon': 1024, 'time': 292200}",69.23989796300884,49.70761391398264
3hr,/global/cfs/projectdirs/m4931/kerchunk/pr/spinup-1950/hr-misc/CMIP6.HighResMIP.CNRM-CERFACS.CNRM-CM6-1.spinup-1950.r1i1p1f2.3hr.pr.gr.v20190401.kerchunk.json,3,87656,"{'time': 87656, 'lat': 128, 'lon': 256, 'axis_nbounds': 2}",1.3035738610196859,50.902074006036855
3hr,/global/cfs/projectdirs/m4931/kerchunk/pr/hist-1950/hr-misc/CMIP6.HighResMIP.CNRM-CERFACS.CNRM-CM6-1-HR.hist-1950.r2i1p1f2.3hr.pr.gr.v20200615.kerchunk.json,65,189928,"{'time': 189928, 'lat': 360, 'lon': 720, 'axis_nbounds': 2}",6.444876484980341,106.6352586330031
3hr,/global/cfs/projectdirs/m4931/kerchunk/pr/highresSST-future/hr-misc/CMIP6.HighResMIP.EC-Earth-Consortium.EC-Earth3P-HR.highresSST-future.r1i1p1f1.3hr.pr.gr.v20190514.kerchunk.json,35,102272,"{'lat': 512, 'bnds': 2, 'lon': 1024, 'time': 102272}",24.31220399402082,19.408206597028766
3hr,/global/cfs/projectdirs/m4931/kerchunk/pr/hist-1950/hr-misc/CMIP6.HighResMIP.EC-Earth-Consortium.EC-Earth3P-HR.hist-1950.r2i1p2f1.3hr.pr.gr.v20190625.kerchunk.json,65,189928,"{'lat': 512, 'bnds': 2, 'lon': 1024, 'time': 189928}",45.85408604005352,27.75982756598387
3hr,/global/cfs/projectdirs/m4931/kerchunk/pr/highresSST-future/hr-misc/CMIP6.HighResMIP.EC-Earth-Consortium.EC-Earth3P.highresSST-future.r1i1p1f1.3hr.pr.gr.v20190612.kerchunk.json,35,102272,"{'lat': 256, 'bnds': 2, 'lon': 512, 'time': 102272}",8.45086538902251,8.204982056980953
3hr,/global/cfs/projectdirs/m4931/kerchunk/pr/highresSST-future/hr-misc/CMIP6.HighResMIP.MIROC.NICAM16-7S.highresSST-future.r1i1p1f1.3hr.pr.gr.v20210122.kerchunk.json,36,105192,"{'lat': 320, 'bnds': 2, 'lon': 640, 'time': 105192}",1.4216482680058107,92.54970966395922
3hr,/global/cfs/projectdirs/m4931/kerchunk/pr/control-1950/hr-misc/CMIP6.HighResMIP.CNRM-CERFACS.CNRM-CM6-1-HR.control-1950.r1i1p1f2.3hr.pr.gr.v20190221.kerchunk.json,100,292200,"{'time': 292200, 'lat': 360, 'lon': 720, 'axis_nbounds': 2}",6.650272556988057,163.63481606601272
3hr,/global/cfs/projectdirs/m4931/kerchunk/pr/hist-1950/hr-misc/CMIP6.HighResMIP.EC-Earth-Consortium.EC-Earth3P.hist-1950.r2i1p2f1.3hr.pr.gr.v20190812.kerchunk.json,65,189928,"{'lat': 256, 'bnds': 2, 'lon': 512, 'time': 189928}",10.260562126990408,19.98860710998997
3hr,/global/cfs/projectdirs/m4931/kerchunk/tas/piControl/hr-misc/CMIP6.CMIP.IPSL.IPSL-CM6A-LR.piControl.r1i1p1f1.3hr.tas.gr.v20180802.kerchunk.json,5,1402528,"{'time': 1402528, 'lat': 143, 'lon': 144, 'axis_nbounds': 2}",18.83708474697778,247.6438647340401
3hr,/global/cfs/projectdirs/m4931/kerchunk/pr/highresSST-present/hr-misc/CMIP6.HighResMIP.CNRM-CERFACS.CNRM-CM6-1.highresSST-present.r1i1p1f2.3hr.pr.gr.v20190214.kerchunk.json,7,189928,"{'time': 189928, 'lat': 128, 'lon': 256, 'axis_nbounds': 2}",3.2709364559850655,71.71910359401954
3hr,/global/cfs/projectdirs/m4931/kerchunk/pr/highresSST-future/hr-misc/CMIP6.HighResMIP.MIROC.NICAM16-8S.highresSST-future.r1i1p1f1.3hr.pr.gr.v20210122.kerchunk.json,36,105192,"{'lat': 640, 'bnds': 2, 'lon': 1280, 'time': 105192}",2.3451600690023042,112.99479338398669
3hr,/global/cfs/projectdirs/m4931/kerchunk/pr/highresSST-present/hr-misc/CMIP6.HighResMIP.EC-Earth-Consortium.EC-Earth3.highresSST-present.r1i1p1f1.3hr.pr.gr.v20170911.kerchunk.json,792,192847,"{'time': 192847, 'j': 256, 'i': 512, 'bnds': 2, 'vertices': 4}",2.403309800021816,227.55256658699363
3hr,/global/cfs/projectdirs/m4931/kerchunk/pr/highresSST-present/hr-misc/CMIP6.HighResMIP.MIROC.NICAM16-8S.highresSST-present.r1i1p1f1.3hr.pr.gr.v20190830.kerchunk.json,65,189928,"{'lat': 640, 'bnds': 2, 'lon': 1280, 'time': 189928}",2.685642790980637,206.7467582889949
3hr,/global/cfs/projectdirs/m4931/kerchunk/pr/highresSST-present/hr-misc/CMIP6.HighResMIP.IPSL.IPSL-CM6A-ATM-ICO-LR.highresSST-present.r1i1p1f1.3hr.pr.gr.v20220721.kerchunk.json,3,189928,"{'time': 189928, 'lat': 143, 'lon': 144, 'axis_nbounds': 2}",2.8247339579975232,34.03414312796667
3hr,/global/cfs/projectdirs/m4931/kerchunk/tas/historical/hr-misc/CMIP6.CMIP.EC-Earth-Consortium.EC-Earth3-AerChem.historical.r1i1p1f1.3hr.tas.gr.v20200624.kerchunk.json,165,482120,"{'lat': 256, 'bnds': 2, 'lon': 512, 'time': 482120}",4.564630253997166,116.69621689798078
3hr,/global/cfs/projectdirs/m4931/kerchunk/pr/highresSST-present/hr-misc/CMIP6.HighResMIP.IPSL.IPSL-CM6A-ATM-ICO-HR.highresSST-present.r1i1p1f1.3hr.pr.gr.v20220721.kerchunk.json,7,189928,"{'time': 189928, 'lat': 360, 'lon': 720, 'axis_nbounds': 2}",2.8805654069874436,196.63233785901684
3hr,/global/cfs/projectdirs/m4931/kerchunk/pr/highresSST-future/hr-misc/CMIP6.HighResMIP.EC-Earth-Consortium.EC-Earth3P.highresSST-future.r3i1p1f1.3hr.pr.gr.v20190713.kerchunk.json,36,105192,"{'lat': 256, 'bnds': 2, 'lon': 512, 'time': 105192}",6.153640265983995,9.829246409994084
3hr,/global/cfs/projectdirs/m4931/kerchunk/pr/hist-1950/hr-misc/CMIP6.HighResMIP.EC-Earth-Consortium.EC-Earth3P-HR.hist-1950.r1i1p2f1.3hr.pr.gr.v20181212.kerchunk.json,65,189927,"{'lat': 512, 'bnds': 2, 'lon': 1024, 'time': 189927}",42.9130355839734,30.000441544980276
3hr,/global/cfs/projectdirs/m4931/kerchunk/pr/highresSST-present/hr-misc/CMIP6.HighResMIP.EC-Earth-Consortium.EC-Earth3P.highresSST-present.r2i1p1f1.3hr.pr.gr.v20190930.kerchunk.json,65,189928,"{'lat': 256, 'bnds': 2, 'lon': 512, 'time': 189928}",16.16091365396278,15.438635796948802
3hr,/global/cfs/projectdirs/m4931/kerchunk/pr/highresSST-present/hr-misc/CMIP6.HighResMIP.IPSL.IPSL-CM6A-ATM-ICO-VHR.highresSST-present.r1i1p1f1.3hr.pr.gr.v20220721.kerchunk.json,33,189928,"{'time': 189928, 'lat': 720, 'lon': 1440, 'axis_nbounds': 2}",5.188433461007662,153.40465564501937
3hr,/global/cfs/projectdirs/m4931/kerchunk/pr/highres-future/hr-misc/CMIP6.HighResMIP.EC-Earth-Consortium.EC-Earth3P.highres-future.r1i1p2f1.3hr.pr.gr.v20190421.kerchunk.json,36,105192,"{'lat': 256, 'bnds': 2, 'lon': 512, 'time': 105192}",6.5997853970038705,14.574673747993074
3hr,/global/cfs/projectdirs/m4931/kerchunk/pr/highresSST-present/hr-misc/CMIP6.HighResMIP.EC-Earth-Consortium.EC-Earth3P-HR.highresSST-present.r2i1p1f1.3hr.pr.gr.v20190514.kerchunk.json,3,2928,"{'lat': 512, 'bnds': 2, 'lon': 1024, 'time': 2928}",0.8643710420001298,0.9626737130456604
3hr,/global/cfs/projectdirs/m4931/kerchunk/pr/hist-1950/hr-misc/CMIP6.HighResMIP.EC-Earth-Consortium.EC-Earth3P.hist-1950.r1i1p2f1.3hr.pr.gr.v20190314.kerchunk.json,65,189928,"{'lat': 256, 'bnds': 2, 'lon': 512, 'time': 189928}",12.691190959012602,16.99767041497398
3hr,/global/cfs/projectdirs/m4931/kerchunk/pr/control-1950/hr-misc/CMIP6.HighResMIP.EC-Earth-Consortium.EC-Earth3P.control-1950.r2i1p2f1.3hr.pr.gr.v20190815.kerchunk.json,100,292200,"{'lat': 256, 'bnds': 2, 'lon': 512, 'time': 292200}",17.031838686030824,25.643259837990627
3hr,/global/cfs/projectdirs/m4931/kerchunk/pr/highresSST-present/hr-misc/CMIP6.HighResMIP.MIROC.NICAM16-7S.highresSST-present.r1i1p1f1.3hr.pr.gr.v20190325.kerchunk.json,65,189928,"{'lat': 320, 'bnds': 2, 'lon': 640, 'time': 189928}",4.654431280971039,165.87670511601027
3hr,/global/cfs/projectdirs/m4931/kerchunk/pr/control-1950/hr-misc/CMIP6.HighResMIP.EC-Earth-Consortium.EC-Earth3P-HR.control-1950.r2i1p2f1.3hr.pr.gr.v20190722.kerchunk.json,101,295120,"{'lat': 512, 'bnds': 2, 'lon': 1024, 'time': 295120}",69.83634980599163,50.54112540802453
3hr,/global/cfs/projectdirs/m4931/kerchunk/pr/highres-future/hr-misc/CMIP6.HighResMIP.EC-Earth-Consortium.EC-Earth3P.highres-future.r2i1p2f1.3hr.pr.gr.v20190813.kerchunk.json,36,105192,"{'lat': 256, 'bnds': 2, 'lon': 512, 'time': 105192}",5.41072703700047,8.089786428026855
E1hr,/global/cfs/projectdirs/m4931/kerchunk/pr/highres-future/hr-misc/CMIP6.HighResMIP.CNRM-CERFACS.CNRM-CM6-1.highres-future.r1i1p1f2.E1hr.pr.gr.v20190314.kerchunk.json,8,315576,"{'time': 315576, 'lat': 128, 'lon': 256, 'axis_nbounds': 2}",5.365342414996121,48.35330605501076
E1hr,/global/cfs/projectdirs/m4931/kerchunk/pr/control-1950/hr-misc/CMIP6.HighResMIP.CNRM-CERFACS.CNRM-CM6-1.control-1950.r1i1p1f2.E1hr.pr.gr.v20190401.kerchunk.json,20,876600,"{'time': 876600, 'lat': 128, 'lon': 256, 'axis_nbounds': 2}",10.653144243988208,259.5441461970331
E1hr,/global/cfs/projectdirs/m4931/kerchunk/pr/highresSST-present/hr-misc/CMIP6.HighResMIP.IPSL.IPSL-CM6A-LR.highresSST-present.r1i1p1f1.E1hr.pr.gr.v20190122.kerchunk.json,2,569784,"{'time': 569784, 'lat': 143, 'lon': 144, 'axis_nbounds': 2}",7.16697004501475,91.95828063803492
E1hr,/global/cfs/projectdirs/m4931/kerchunk/pr/spinup-1950/hr-misc/CMIP6.HighResMIP.CNRM-CERFACS.CNRM-CM6-1.spinup-1950.r1i1p1f2.E1hr.pr.gr.v20190401.kerchunk.json,6,262968,"{'time': 262968, 'lat': 128, 'lon': 256, 'axis_nbounds': 2}",3.744740180030931,75.55671043199254
E1hr,/global/cfs/projectdirs/m4931/kerchunk/pr/highresSST-present/hr-misc/CMIP6.HighResMIP.MIROC.NICAM16-8S.highresSST-present.r1i1p1f1.E1hr.pr.gr.v20190830.kerchunk.json,65,569784,"{'lat': 640, 'bnds': 2, 'lon': 1280, 'time': 569784}",7.280128989019431,570.8387473140028
E1hr,/global/cfs/projectdirs/m4931/kerchunk/pr/highresSST-present/hr-misc/CMIP6.HighResMIP.MIROC.NICAM16-7S.highresSST-present.r1i1p1f1.E1hr.pr.gr.v20190325.kerchunk.json,65,569784,"{'lat': 320, 'bnds': 2, 'lon': 640, 'time': 569784}",6.700069139013067,393.0337224630057
E1hr,/global/cfs/projectdirs/m4931/kerchunk/pr/hist-1950/hr-misc/CMIP6.HighResMIP.CNRM-CERFACS.CNRM-CM6-1.hist-1950.r1i1p1f2.E1hr.pr.gr.v20190401.kerchunk.json,13,569784,"{'time': 569784, 'lat': 128, 'lon': 256, 'axis_nbounds': 2}",7.291683938994538,163.10749789897818
E1hr,/global/cfs/projectdirs/m4931/kerchunk/pr/highresSST-present/hr-misc/CMIP6.HighResMIP.CNRM-CERFACS.CNRM-CM6-1.highresSST-present.r1i1p1f2.E1hr.pr.gr.v20190214.kerchunk.json,13,569784,"{'time': 569784, 'lat': 128, 'lon': 256, 'axis_nbounds': 2}",7.135062881978229,165.4436988790403
E1hr,/global/cfs/projectdirs/m4931/kerchunk/pr/highresSST-present/hr-misc/CMIP6.HighResMIP.IPSL.IPSL-CM6A-ATM-HR.highresSST-present.r1i1p1f1.E1hr.pr.gr.v20190122.kerchunk.json,13,569784,"{'time': 569784, 'lat': 361, 'lon': 512, 'axis_nbounds': 2}",7.0559591469937,310.3946733069606
E1hr,/global/cfs/projectdirs/m4931/kerchunk/pr/highresSST-present/hr-misc/CMIP6.HighResMIP.MIROC.NICAM16-9S.highresSST-present.r1i1p1f1.E1hr.pr.gr.v20190830.kerchunk.json,11,96432,"{'lat': 1280, 'bnds': 2, 'lon': 2560, 'time': 96432}",2.9611281120451167,103.1808055829606
